date,open,high,low,close,volume
2021-02-10,33.805145,39.308309,33.805145,35.369617,1836900.000000
2021-02-11,35.746976,35.746976,33.608603,33.647911,1652100.000000
2021-02-12,33.813001,34.198224,32.665199,33.419918,2088200.000000
2021-02-16,34.748547,35.802009,33.813007,34.237537,1369100.000000
2021-02-17,34.614901,35.063016,34.198234,34.795719,1910200.000000
2021-02-18,34.779993,35.377478,33.632188,33.805145,1589500.000000
2021-02-19,34.324020,35.086602,33.813010,34.591316,1048200.000000
2021-02-22,35.251701,35.401071,34.316164,34.465534,1449400.000000
2021-02-23,34.552005,34.552005,33.018981,34.324017,888400.000000
2021-02-24,33.993817,35.440363,33.522116,35.377468,3153100.000000
2021-02-25,35.629053,35.770563,34.669929,35.180939,2485000.000000
2021-02-26,35.031566,35.330307,34.131406,34.732822,466100.000000
2021-03-01,34.945095,35.597612,34.654214,35.118050,718900.000000
2021-03-02,35.118041,36.753269,35.118041,35.613327,756600.000000
2021-03-03,35.778424,37.452959,35.550438,37.146355,1214600.000000
2021-03-04,37.468686,38.357055,35.998556,36.305161,679700.000000
2021-03-05,36.949818,37.012713,34.607043,35.401070,968200.000000
2021-03-08,35.133771,35.479686,33.813012,34.882198,1125500.000000
2021-03-09,34.347594,35.330301,34.291777,34.811432,183400.000000
2021-03-10,34.795716,35.275278,34.410496,35.180939,484300.000000
2021-03-11,35.180941,36.022139,34.992260,35.644779,578900.000000
2021-03-12,36.265846,36.407356,35.290999,35.967102,684300.000000
2021-03-15,36.100749,36.360185,35.456093,35.967102,626800.000000
2021-03-16,35.990687,36.065373,34.548072,35.228107,717600.000000
2021-03-17,35.275271,35.849172,34.748541,35.597599,543100.000000
2021-03-18,35.314581,35.574018,33.978101,34.198227,886900.000000
2021-03-19,34.040995,34.402631,33.647912,34.048859,537100.000000
2021-03-22,33.985979,34.198245,32.956100,33.608620,539100.000000
2021-03-23,33.239105,33.585021,32.264261,32.783131,447000.000000
2021-03-24,33.412064,33.647914,32.452941,32.704514,688700.000000
2021-03-25,32.350745,33.278421,31.446652,33.144772,675200.000000
2021-03-26,33.231242,34.072439,33.129039,34.064579,325000.000000
2021-03-29,34.119611,34.206087,33.286274,33.427784,204000.000000
2021-03-30,33.231243,34.119612,32.460801,33.915207,480200.000000
2021-03-31,33.828724,34.998541,33.168344,34.111744,446700.000000
2021-04-01,33.875906,36.002485,33.667573,35.322453,619000.000000
2021-04-05,35.235970,35.499335,34.198231,35.110184,580000.000000
2021-04-06,35.385338,36.124336,34.630619,35.542572,725400.000000
2021-04-07,35.463960,36.163647,34.905783,35.456097,943000.000000
2021-04-08,35.369628,36.022145,35.196670,35.636925,732100.000000
2021-04-09,35.534713,36.092890,34.968672,35.802010,686000.000000
2021-04-12,35.904205,36.100747,35.574017,35.731251,640400.000000
2021-04-13,35.652644,36.022144,35.629060,35.778431,312000.000000
2021-04-14,35.904208,36.407357,35.574020,36.313015,821100.000000
2021-04-15,36.289431,36.619622,35.652635,36.313015,465700.000000
2021-04-16,36.713963,36.863333,35.632984,35.888489,390800.000000
2021-04-19,35.935659,36.655002,35.699810,36.140064,386400.000000
2021-04-20,36.140062,36.407359,34.835027,35.935658,595800.000000
2021-04-21,35.802012,36.627486,35.205310,36.352329,593000.000000
2021-04-22,36.375914,36.871200,36.045723,36.226543,1098600.000000
2021-04-23,36.202956,37.122772,35.707670,36.525284,471700.000000
2021-04-26,36.430942,37.311447,36.375911,36.855473,380100.000000
2021-04-27,36.674652,37.342892,36.462387,36.847607,721700.000000
2021-04-28,37.067743,37.201390,36.116479,36.305161,599700.000000
2021-04-29,36.493833,38.129060,35.998551,36.910503,1033800.000000
2021-04-30,36.564587,37.327169,35.629050,35.825592,766100.000000
2021-05-03,36.140055,36.651061,35.699801,36.446659,870300.000000
2021-05-04,36.556730,36.556730,35.849179,36.163647,772200.000000
2021-05-05,36.344464,37.445098,36.238333,36.745411,1923400.000000
2021-05-06,36.706098,37.602330,36.706098,37.350754,1222600.000000
2021-05-07,37.075599,38.915229,37.075599,38.655792,1809500.000000
2021-05-10,39.017432,39.284728,38.718688,38.970261,840000.000000
2021-05-11,38.655789,39.096043,37.861762,38.569313,1135800.000000
2021-05-12,41.415242,41.415242,37.956109,38.899509,2008400.000000
2021-05-13,38.907366,39.772147,37.885347,38.915226,831200.000000
2021-05-14,38.522140,39.166796,38.302014,38.419937,2141500.000000
2021-05-17,38.498556,39.622774,38.372769,39.300446,1427100.000000
2021-05-18,39.937239,40.880639,39.780005,40.330322,2565200.000000
2021-05-19,39.630648,40.289456,39.317755,40.094486,928100.000000
2021-05-20,40.015863,40.392437,39.560671,39.693535,913100.000000
2021-05-21,39.926249,40.147888,39.320707,39.918335,1668000.000000
2021-05-24,40.132060,40.314118,39.443404,40.013325,955800.000000
2021-05-25,39.949995,40.504085,39.506721,39.926247,726400.000000
2021-05-26,39.918343,42.031805,39.629423,41.794338,1400600.000000
2021-05-27,42.150534,42.150534,40.796968,41.913067,1807600.000000
2021-05-28,41.952651,42.110963,41.382727,41.794338,652500.000000
2021-06-01,42.403833,43.527849,42.055548,43.440777,1429300.000000
2021-06-02,43.535756,43.535756,42.110950,42.285091,1079700.000000
2021-06-03,42.261355,42.657135,41.541036,42.332596,755700.000000
2021-06-04,42.403827,43.258712,41.857652,43.084568,929500.000000
2021-06-07,44.002785,44.382733,43.234971,43.963207,1978600.000000
2021-06-08,43.575337,44.271910,42.926258,43.939453,1999500.000000
2021-06-09,44.010693,44.200668,43.147893,43.876129,886200.000000
2021-06-10,44.097766,44.192755,43.345784,43.994865,1343100.000000
2021-06-11,44.263995,44.754764,43.844469,44.501465,1086800.000000
2021-06-14,44.446063,44.889334,43.899885,44.192764,1610100.000000
2021-06-15,45.110966,45.110966,43.876133,44.295658,1689500.000000
2021-06-16,44.295656,44.612281,42.617551,42.815441,2412100.000000
2021-06-17,42.680871,42.799607,41.168993,42.554222,2991600.000000
2021-06-18,42.015961,42.585882,41.731000,42.039707,3169900.000000
2021-06-21,42.380088,43.701991,41.865574,43.599091,2881500.000000
2021-06-22,43.701999,43.701999,41.841835,42.435505,2750100.000000
2021-06-23,42.649218,42.965840,41.643937,41.897236,1302700.000000
2021-06-24,41.825990,42.902511,41.469788,42.023880,1768800.000000
2021-06-25,42.126786,42.395917,41.707258,42.055546,13760200.000000
2021-06-28,42.031799,42.261352,40.163722,40.369526,1853900.000000
2021-06-29,40.606988,41.414379,38.952630,39.221760,1478000.000000
2021-06-30,39.261342,41.184831,39.253428,41.097759,1480100.000000
2021-07-01,41.810168,42.886689,41.469797,42.736294,1452700.000000
2021-07-02,42.752106,43.472425,42.348413,43.211212,755800.000000
2021-07-06,43.219137,43.219137,41.715176,42.633385,809900.000000
2021-07-07,42.475070,43.282461,41.691425,42.950005,844800.000000
2021-07-08,42.577976,43.369536,42.213860,43.227055,820400.000000
2021-07-09,43.496182,43.496182,42.839187,43.385365,599500.000000
2021-07-12,43.147895,43.551592,42.601720,43.329956,895700.000000
2021-07-13,43.290385,43.401206,42.562152,42.593815,495800.000000
2021-07-14,42.783783,43.013336,40.211215,40.242878,786600.000000
2021-07-15,39.855005,40.583241,39.577961,40.147884,1350300.000000
2021-07-16,40.385359,40.694066,38.651845,39.688786,805500.000000
2021-07-19,39.182179,39.657113,38.145236,38.707245,1172800.000000
2021-07-20,38.675583,40.444718,38.501439,40.219124,874700.000000
2021-07-21,40.622814,42.190101,40.187458,41.920971,1125800.000000
2021-07-22,41.873492,43.242889,41.453963,42.728374,890400.000000
2021-07-23,42.926252,43.385357,42.308837,43.369526,1090800.000000
2021-07-26,43.527847,44.240248,43.147895,43.678242,1040000.000000
2021-07-27,43.432849,43.789051,43.084564,43.504089,952300.000000
2021-07-28,43.638659,44.240243,43.322035,43.884041,730500.000000
2021-07-29,44.256082,44.263996,43.440777,43.804893,562900.000000
2021-07-30,43.733647,43.963200,42.482982,42.783775,622700.000000
2021-08-02,42.728370,43.694073,42.087206,42.190109,567600.000000
2021-08-03,42.110957,43.393282,41.746841,43.195393,576400.000000
2021-08-04,42.665050,43.929962,42.142621,43.124153,559300.000000
2021-08-05,43.187478,43.630750,42.617555,42.910431,558300.000000
2021-08-06,43.195387,43.820720,43.092484,43.567421,380200.000000
2021-08-09,43.219134,43.329955,42.625465,42.791695,748700.000000
2021-08-10,42.839192,44.184844,42.593811,43.931545,792800.000000
2021-08-11,44.928915,45.767969,43.812816,45.071396,2950300.000000
2021-08-12,45.182208,46.939468,44.849751,46.551605,1699400.000000
2021-08-13,46.725751,46.733668,44.683529,44.952660,1459400.000000
2021-08-16,44.382737,44.920998,43.013339,44.192764,1790400.000000
2021-08-17,43.733647,45.015972,42.942088,43.353699,862000.000000
2021-08-18,43.274546,43.377450,41.477709,41.493538,605200.000000
2021-08-19,40.575335,41.256076,40.139978,41.137344,1189500.000000
2021-08-20,40.694062,42.023882,40.686148,41.691425,1388400.000000
2021-08-23,42.037230,42.435612,41.367949,41.630882,1059600.000000
2021-08-24,41.838031,42.244382,41.105010,41.989418,1247000.000000
2021-08-25,41.917699,42.499336,41.367931,42.252338,980900.000000
2021-08-26,42.124861,42.459503,41.726480,42.316086,953200.000000
2021-08-27,42.634795,45.017118,42.555120,44.124744,2092500.000000
2021-08-30,44.307993,44.347831,43.535132,43.654648,516500.000000
2021-08-31,43.622776,44.578893,43.622776,44.467346,1772800.000000
2021-09-01,44.443456,45.168510,44.172556,45.104771,1345300.000000
2021-09-02,45.415496,46.841703,45.224272,46.443321,1362400.000000
2021-09-03,46.857639,47.160407,46.084778,47.032925,1015300.000000
2021-09-07,47.024958,48.411325,47.024958,47.670338,1694900.000000
2021-09-08,47.805790,48.961098,47.670342,48.506943,1972900.000000
2021-09-09,48.435234,49.526798,48.020917,48.259945,1752500.000000
2021-09-10,48.889390,48.945163,47.415377,47.439281,1394800.000000
2021-09-13,48.251981,49.933149,48.172303,49.925182,2490200.000000
2021-09-14,50.212013,50.455026,48.857516,49.152317,1377500.000000
2021-09-15,49.949079,52.076439,49.949079,50.180141,2657300.000000
2021-09-16,49.877369,50.286109,48.618485,48.753933,1432300.000000
2021-09-17,48.889387,49.439153,47.917335,48.658325,7431800.000000
2021-09-20,47.542858,49.000936,46.817804,47.582699,1288800.000000
2021-09-21,47.813750,47.933266,46.236159,46.419415,1069100.000000
2021-09-22,47.168367,47.479105,46.435344,46.658440,1074600.000000
2021-09-23,46.690322,48.538812,46.602680,48.180271,1226900.000000
2021-09-24,47.989041,48.642387,46.642513,46.682350,1278600.000000
2021-09-27,47.853599,49.893311,47.853599,49.781765,1729300.000000
2021-09-28,50.530720,50.992844,49.263869,49.478992,1424600.000000
2021-09-29,49.200120,49.518826,48.315712,48.491001,1220400.000000
2021-09-30,48.722072,49.678186,48.036856,49.072647,1773500.000000
2021-10-01,49.630374,50.004851,48.961093,49.463055,1261100.000000
2021-10-04,50.283719,51.988792,50.140302,51.502766,1710300.000000
2021-10-05,52.395147,53.383132,51.399193,53.319389,2127000.000000
2021-10-06,52.721813,52.737752,50.331524,50.968937,1171300.000000
2021-10-07,51.016742,52.124242,50.459010,51.590412,1223300.000000
2021-10-08,52.092369,52.656478,51.415122,52.411076,1000700.000000
2021-10-11,53.502644,53.709804,49.972983,49.980949,1231000.000000
2021-10-12,49.710055,50.459014,49.112482,49.478992,1053600.000000
2021-10-13,49.319639,50.052660,48.706131,49.439152,1199600.000000
2021-10-14,50.204043,51.120324,49.789728,51.000809,1024500.000000
2021-10-15,51.980822,51.980822,49.829564,49.996883,949700.000000
2021-10-18,50.036721,50.901208,49.773791,50.347458,854000.000000
2021-10-19,50.164215,50.315602,49.016877,49.255905,747700.000000
2021-10-20,48.945160,49.933145,48.467104,49.646313,937900.000000
2021-10-21,49.255897,49.574604,48.204170,48.945160,444800.000000
2021-10-22,48.992965,49.574601,48.483034,49.455086,617200.000000
2021-10-25,51.319512,54.474693,50.785679,53.980698,2842900.000000
2021-10-26,54.155982,55.295354,53.502637,53.845245,1438200.000000
2021-10-27,53.861185,54.530469,52.697912,52.753685,1228300.000000
2021-10-28,52.666038,53.940858,52.100337,52.809456,1169600.000000
2021-10-29,53.144102,53.144102,49.972988,50.785686,1510700.000000
2021-11-01,51.192032,52.725804,51.192032,52.419048,1744600.000000
2021-11-02,51.956927,52.363278,51.510741,52.084412,1361100.000000
2021-11-03,52.992712,55.279418,51.670082,53.821346,2756400.000000
2021-11-04,54.402999,54.968701,52.211900,52.267673,1459700.000000
2021-11-05,52.705888,53.104270,52.008721,52.442955,1104700.000000
2021-11-08,52.865231,52.936943,52.060498,52.761654,1106200.000000
2021-11-09,52.506694,54.132091,52.219859,53.677937,2139500.000000
2021-11-10,53.303459,53.375165,50.004857,50.275757,1423900.000000
2021-11-11,50.514784,51.909119,50.275752,51.343418,836500.000000
2021-11-12,50.889257,51.397596,50.004850,50.132332,755400.000000
2021-11-15,50.721936,50.857388,48.929220,49.725983,1562200.000000
2021-11-16,49.917214,50.204046,49.391350,49.630379,1413200.000000
2021-11-17,49.781758,51.215931,49.478987,50.793648,1145900.000000
2021-11-18,50.618356,51.367315,50.275748,51.176094,1033500.000000
2021-11-19,49.941114,50.371367,48.626454,49.192158,1328200.000000
2021-11-22,49.192153,49.853465,48.722063,48.777836,724100.000000
2021-11-23,49.145392,51.544883,49.065140,51.312153,1249600.000000
2021-11-24,50.782494,51.978225,50.782494,51.906002,639100.000000
2021-11-26,50.702249,51.962181,49.153414,51.296101,1178700.000000
2021-11-29,51.641178,51.986255,49.105263,49.249714,1557600.000000
2021-11-30,48.447205,48.744134,47.291600,47.781128,2053500.000000
2021-12-01,49.289832,49.394159,45.542137,45.742764,1615000.000000
2021-12-02,47.026771,48.928709,46.416869,48.856483,1691700.000000
2021-12-03,49.145387,49.891713,47.845327,48.415108,961200.000000
2021-12-06,49.305881,49.305881,46.693731,47.981750,1390800.000000
2021-12-07,48.198423,50.918913,48.192805,50.702236,1039000.000000
2021-12-08,50.902875,51.994282,50.309020,51.729454,601900.000000
2021-12-09,50.926944,51.360298,50.469517,50.814594,799100.000000
2021-12-10,51.376340,51.520791,50.325061,51.199791,669700.000000
2021-12-13,50.437417,51.199797,49.610838,49.683064,1074700.000000
2021-12-14,49.225644,50.742377,48.768216,49.538620,1491200.000000
2021-12-15,49.273787,49.482437,48.270656,48.904633,998800.000000
2021-12-16,50.660510,50.660510,49.145384,49.241684,957800.000000
2021-12-17,49.185515,49.947895,48.198434,48.760185,1048000.000000
2021-12-20,47.861371,48.812340,47.211344,48.230522,1128100.000000
2021-12-21,48.760181,50.276918,48.326831,49.458363,874800.000000
2021-12-22,49.370088,50.862747,49.313913,50.084316,626500.000000
2021-12-23,50.276910,51.312138,50.156533,50.702236,959400.000000
2021-12-27,50.662122,52.848949,49.859617,52.844933,771200.000000
2021-12-28,52.965306,53.177167,52.403555,52.933205,641700.000000
2021-12-29,52.812831,53.005437,52.283181,52.620232,646100.000000
2021-12-30,52.483807,53.085685,51.488703,51.641174,571400.000000
2021-12-31,51.601050,52.026376,51.095468,51.777596,454900.000000
2022-01-03,52.082544,53.527048,51.946119,53.406677,849000.000000
2022-01-04,53.687566,55.212326,53.286313,53.591263,1151600.000000
2022-01-05,55.196266,55.774070,52.275149,52.315277,1535700.000000
2022-01-06,52.957284,54.096845,52.323304,53.559162,1401100.000000
2022-01-07,53.992512,55.926551,53.543112,55.613575,1212900.000000
2022-01-10,55.364801,57.266739,54.979602,56.335831,2126500.000000
2022-01-11,56.424106,56.889560,54.827123,56.087055,1894200.000000
2022-01-12,56.881517,59.112484,55.798137,58.671104,1820900.000000
2022-01-13,58.847666,58.911868,56.087048,56.255573,1035900.000000
2022-01-14,56.552504,57.515507,55.914514,57.395130,1534500.000000
2022-01-18,58.582849,58.735326,55.188251,55.750008,1464200.000000
2022-01-19,55.910498,56.696955,53.711637,54.193138,1515600.000000
2022-01-20,53.599287,54.803044,51.857854,51.994278,2253500.000000
2022-01-21,51.312150,51.825755,50.012093,50.589897,1823900.000000
2022-01-24,49.386132,51.223868,49.313907,51.167690,1705700.000000
2022-01-25,51.480671,54.530185,50.806567,53.872131,2560500.000000
2022-01-26,55.244425,56.632761,53.928318,54.915401,1722800.000000
2022-01-27,56.456205,56.737080,53.671513,55.469128,1875000.000000
2022-01-28,55.445048,56.424105,54.289445,54.883297,1823000.000000
2022-01-31,54.754900,55.404926,54.112893,54.706745,1025000.000000
2022-02-01,54.297468,55.573447,54.118503,54.947495,1747100.000000
2022-02-02,56.175327,57.202532,54.474015,55.774075,2622100.000000
2022-02-03,55.043782,55.605539,53.840026,54.321533,1319900.000000
2022-02-04,54.570322,55.461103,53.519043,53.751770,1200900.000000
2022-02-07,53.133839,54.189134,52.852963,53.599293,1411200.000000
2022-02-08,53.366557,53.888186,51.769575,52.740604,1751500.000000
2022-02-09,52.580104,53.117787,52.122676,52.708508,1519900.000000
2022-02-10,52.170830,53.880163,52.170830,52.660358,1403700.000000
2022-02-11,54.032629,55.854312,53.575202,55.493187,1813800.000000
2022-02-14,55.477153,56.159287,53.880170,54.385746,738900.000000
2022-02-15,53.454829,55.091939,53.181974,54.786983,831600.000000
2022-02-16,55.051817,55.886422,52.905121,53.422733,1064300.000000
2022-02-17,53.358528,54.859214,52.949255,53.623356,784700.000000
2022-02-18,53.190006,53.992510,52.748632,52.788754,1050500.000000
2022-02-22,54.126529,54.401790,52.010324,53.246181,1994900.000000
2022-02-23,53.888185,55.942595,53.735707,54.971565,2900500.000000
2022-02-24,56.945738,59.048303,53.366568,56.905617,3957300.000000
2022-02-25,57.290808,60.878005,57.258707,60.252052,2879600.000000
2022-02-28,60.227973,62.266329,59.842768,61.993481,2084100.000000
2022-03-01,62.226222,63.678753,61.552114,63.614552,1620200.000000
2022-03-02,64.200377,64.569529,62.684446,63.694801,1697600.000000
2022-03-03,63.157120,64.754109,62.651545,64.425079,1558300.000000
2022-03-04,64.275736,69.921298,64.275736,69.748978,3064300.000000
2022-03-07,70.413639,72.826135,68.255526,70.479286,3075400.000000
2022-03-08,71.390136,72.128656,67.426751,67.664719,2891200.000000
2022-03-09,65.145538,67.664706,64.111610,66.368195,2079300.000000
2022-03-10,66.745664,67.180575,65.982535,66.351791,1530100.000000
2022-03-11,65.654300,67.558037,64.905113,66.097412,1318900.000000
2022-03-14,64.841903,64.866525,61.362663,62.577118,1662000.000000
2022-03-15,60.312349,62.642782,60.115412,61.920677,1645200.000000
2022-03-16,62.191473,63.799802,62.142241,63.192577,1844800.000000
2022-03-17,64.973214,65.309647,64.062374,64.833717,2217200.000000
2022-03-18,64.177248,64.825504,63.602848,64.423424,2931900.000000
2022-03-21,65.974330,67.221603,64.989635,66.515907,1761900.000000
2022-03-22,66.515896,66.680015,64.251110,66.064583,1376900.000000
2022-03-23,66.696415,69.732550,66.105599,68.977615,1761700.000000
2022-03-24,69.355112,71.619905,68.928415,71.390144,2358800.000000
2022-03-25,70.626974,74.327774,70.454654,73.293846,3058000.000000
2022-03-28,71.546044,73.950333,71.201398,72.169678,1677600.000000
2022-03-29,69.289446,71.398326,68.255518,71.234207,1491200.000000
2022-03-30,72.259933,74.024173,71.784004,72.300964,1929100.000000
2022-03-31,72.153281,74.446790,71.143969,71.390144,1799800.000000
2022-04-01,72.268133,74.474664,72.062989,73.851845,1792600.000000
2022-04-04,75.304272,75.328894,71.734767,73.014870,1344300.000000
2022-04-05,74.057010,74.844763,72.456889,72.760498,1307100.000000
2022-04-06,72.867167,75.296072,71.866063,73.876472,2253100.000000
2022-04-07,75.205802,76.092025,71.677322,74.352402,1615500.000000
2022-04-08,74.779100,76.231523,74.524723,75.632500,1885900.000000
2022-04-11,75.501227,76.104351,74.331903,75.164787,1362400.000000
2022-04-12,76.371035,77.413165,74.688851,74.836555,1473800.000000
2022-04-13,75.780218,77.216227,75.493018,76.805939,1234300.000000
2022-04-14,76.994676,78.184509,76.133069,77.429581,1393200.000000
2022-04-18,78.258362,80.096451,77.634722,77.889099,2068800.000000
2022-04-19,76.937227,77.290075,74.253939,75.205811,1951900.000000
2022-04-20,75.616086,76.444870,75.000654,76.215103,1254100.000000
2022-04-21,76.223308,76.477685,73.326676,74.787300,1921800.000000
2022-04-22,74.418047,75.008863,70.027960,71.004448,1602700.000000
2022-04-25,69.043267,69.945899,66.647186,69.002235,2423500.000000
2022-04-26,68.953009,70.503897,67.832924,68.189873,1983500.000000
2022-04-27,69.223814,69.527429,67.024669,68.928406,1254500.000000
2022-04-28,69.076094,70.257726,67.032862,69.305855,1357700.000000
2022-04-29,69.601273,70.034538,66.959017,67.303658,1197300.000000
2022-05-02,66.466680,68.493505,66.007160,67.910896,1525300.000000
2022-05-03,68.362198,73.507214,68.124230,72.694839,2456500.000000
2022-05-04,74.787301,79.185589,73.123173,77.938316,4876300.000000
2022-05-05,76.305382,78.734287,73.720566,78.422470,3094500.000000
2022-05-06,79.677934,79.997958,75.082709,76.436661,2778000.000000
2022-05-09,74.344209,75.103244,68.600175,69.502808,3188000.000000
2022-05-10,69.502788,72.977928,67.344675,68.764275,2249000.000000
2022-05-11,70.380807,73.400528,69.478175,70.758278,1666000.000000
2022-05-12,70.389027,70.389027,67.418545,69.330482,1997300.000000
2022-05-13,70.044382,72.530727,69.084309,70.479286,2076500.000000
2022-05-16,71.517313,73.876469,71.431156,73.055893,2027200.000000
2022-05-17,73.983151,74.319584,72.317376,74.245735,1886100.000000
2022-05-18,73.883514,74.490016,72.047166,72.973763,1851000.000000
2022-05-19,71.541762,74.909524,71.541762,73.386536,1749600.000000
2022-05-20,74.009878,77.295088,73.639236,76.764397,2546500.000000
2022-05-23,77.522516,81.052012,76.056809,80.757187,2232400.000000
2022-05-24,79.931685,82.863106,79.434695,82.441925,2272300.000000
2022-05-25,83.393787,86.089342,82.820981,83.604378,2695200.000000
2022-05-26,84.008698,85.158519,83.301111,84.404602,2140700.000000
2022-05-27,83.983444,87.538211,83.157933,86.889595,1485200.000000
2022-05-31,88.085724,88.447940,80.268612,82.029144,2659600.000000
2022-06-01,83.334826,84.859498,81.473208,84.236153,1949600.000000
2022-06-02,83.991840,84.657306,81.329982,82.585098,1598100.000000
2022-06-03,82.736727,83.351648,81.515300,83.216873,1229700.000000
2022-06-06,83.688582,84.320353,82.981002,84.025528,1561500.000000
2022-06-07,83.208453,87.015930,83.031558,86.392578,2088500.000000
2022-06-08,86.746381,87.563466,82.458758,83.848656,1868300.000000
2022-06-09,82.357675,84.033979,80.041181,82.534576,1700900.000000
2022-06-10,81.481615,83.166337,80.046229,82.694611,1416300.000000
2022-06-13,80.032755,80.973670,77.008675,78.651283,1965700.000000
2022-06-14,80.647670,81.245745,73.108538,73.832970,3469200.000000
2022-06-15,74.119363,76.696993,72.805282,74.338379,2267000.000000
2022-06-16,72.577855,74.004809,70.455101,71.053177,2482500.000000
2022-06-17,70.109741,71.095302,65.704188,67.624771,4944300.000000
2022-06-21,69.747532,71.676534,69.355830,70.379303,2634200.000000
2022-06-22,67.574222,72.021888,66.681321,69.739090,2686100.000000
2022-06-23,70.387712,70.547763,63.193946,64.305862,4052000.000000
2022-06-24,65.021880,70.690969,64.027893,70.589890,15768300.000000
2022-06-27,70.985776,72.712620,69.629581,71.769173,3779400.000000
2022-06-28,74.822751,75.947309,73.554999,74.666916,2818800.000000
2022-06-29,75.947293,76.380267,72.982178,73.293854,1914700.000000
2022-06-30,71.600717,73.891941,67.582656,68.315506,2436000.000000
2022-07-01,68.812493,70.252930,67.367840,69.831749,1197300.000000
2022-07-05,67.447873,67.877479,63.193946,64.617538,2875400.000000
2022-07-06,64.406944,65.459896,61.071194,62.621136,3079000.000000
2022-07-07,64.701759,66.761331,64.508019,66.125351,2027700.000000
2022-07-08,66.782421,67.612148,65.493609,66.083260,1166100.000000
2022-07-11,66.226449,67.944867,65.560983,66.731865,1205600.000000
2022-07-12,64.533299,66.858218,64.458331,66.293831,1792600.000000
2022-07-13,65.830549,71.044762,65.830549,69.562210,1916300.000000
2022-07-14,66.790825,67.764593,63.366624,66.546539,2460500.000000
2022-07-15,68.500834,70.092897,66.378086,70.067627,1539000.000000
2022-07-18,72.350399,74.119356,72.038723,73.049561,1695600.000000
2022-07-19,72.636823,74.700606,72.291452,74.658485,1690300.000000
2022-07-20,73.706615,77.497241,73.192774,77.379311,2953800.000000
2022-07-21,74.127790,76.781230,73.984591,76.705414,2198200.000000
2022-07-22,76.536958,77.935275,75.509276,75.601936,991700.000000
2022-07-25,76.604361,78.516519,75.762000,77.758392,1595000.000000
2022-07-26,79.502078,79.645284,77.606764,77.657310,1625300.000000
2022-07-27,77.539360,78.339601,76.233698,77.825760,1868900.000000
2022-07-28,78.609164,79.089310,76.014689,78.246948,1401600.000000
2022-07-29,78.786062,79.846597,78.423846,79.325172,1329000.000000
2022-08-01,77.657296,77.657296,74.481590,76.166313,1701100.000000
2022-08-02,76.090500,76.831776,74.658482,76.023109,1824500.000000
2022-08-03,78.061625,80.331789,73.967748,77.101334,4381400.000000
2022-08-04,76.410600,77.278231,73.765586,74.144646,3536600.000000
2022-08-05,73.428639,77.985817,72.864258,77.497246,1694800.000000
2022-08-08,77.379310,79.215657,77.251270,78.179550,1501500.000000
2022-08-09,79.603165,81.582713,79.342035,79.712669,2863100.000000
2022-08-10,79.518922,79.729513,77.101343,79.181976,1572400.000000
2022-08-11,81.287874,82.003880,79.451526,81.970184,5400900.000000
2022-08-12,81.894366,82.896778,80.925649,82.728302,2534800.000000
2022-08-15,80.074876,81.473199,77.918433,80.782463,1990500.000000
2022-08-16,82.051424,84.252694,81.050057,83.734749,3394600.000000
2022-08-17,84.054159,85.387871,83.070061,84.882874,2159200.000000
2022-08-18,85.461246,88.301323,85.461246,88.266792,2559600.000000
2022-08-19,86.406496,86.557560,83.156380,83.156380,3748000.000000
2022-08-22,84.554846,86.618001,81.982380,86.462624,2639300.000000
2022-08-23,88.050977,89.466698,85.413764,86.643890,2999300.000000
2022-08-24,87.144565,89.811995,86.089680,89.561653,2181800.000000
2022-08-25,89.915589,90.161610,88.853795,89.604820,1535600.000000
2022-08-26,89.647975,91.115495,88.914218,89.483963,1394700.000000
2022-08-29,88.387658,91.072351,87.619370,89.578934,1275900.000000
2022-08-30,86.566207,87.049622,82.621177,84.503052,2429100.000000
2022-08-31,82.155012,87.753156,81.878774,86.747475,2416100.000000
2022-09-01,85.271325,86.643888,83.821074,84.615257,1506200.000000
2022-09-02,87.567565,87.602095,85.538934,86.100044,1400100.000000
2022-09-06,85.607991,86.108675,83.026891,83.329025,2050600.000000
2022-09-07,81.576639,84.610081,80.176454,84.373550,1719600.000000
2022-09-08,85.185002,87.204992,83.850428,86.669785,1438500.000000
2022-09-09,88.448059,90.010529,88.180455,88.724297,1713100.000000
2022-09-12,90.286776,90.493959,88.240890,89.630714,1403300.000000
2022-09-13,88.836543,90.632087,86.868338,87.558937,1661700.000000
2022-09-14,89.993283,91.443535,88.974654,90.260887,2238400.000000
2022-09-15,87.740213,89.950118,87.184286,89.423538,1817800.000000
2022-09-16,89.423527,89.639338,85.616621,86.825165,4652900.000000
2022-09-19,84.615251,88.568914,84.200897,88.275414,1643100.000000
2022-09-20,87.835169,89.471015,86.225219,88.577560,1898200.000000
2022-09-21,90.468068,90.951483,87.584827,88.120041,1450800.000000
2022-09-22,90.088230,90.666603,84.891493,85.055511,1794400.000000
2022-09-23,81.084581,81.145008,78.197026,80.221336,3189500.000000
2022-09-26,79.435791,81.334933,78.468961,78.632973,2418400.000000
2022-09-27,79.677511,81.050068,78.693413,79.323578,2026500.000000
2022-09-28,79.384006,82.733394,79.375371,82.431259,1686100.000000
2022-09-29,81.921941,82.293137,78.658876,81.006897,2115900.000000
2022-09-30,79.392627,82.344923,79.081859,81.326294,1801500.000000
2022-10-03,82.854255,85.866979,82.854255,85.400826,2433700.000000
2022-10-04,87.912857,89.233627,86.815676,88.258156,2946900.000000
2022-10-05,88.439429,89.354473,86.807897,88.430801,2111700.000000
2022-10-06,87.904225,89.665245,87.213626,87.748840,2414400.000000
2022-10-07,87.619348,89.397630,86.661146,86.721573,2765200.000000
2022-10-10,88.655238,91.029161,84.028246,84.278587,1719700.000000
2022-10-11,82.457144,85.046879,81.844241,83.389450,1612100.000000
2022-10-12,82.638447,87.360392,81.926266,85.901512,1992800.000000
2022-10-13,85.288599,88.465340,84.649793,88.016449,1557100.000000
2022-10-14,86.281321,86.687048,82.068689,82.284500,1806700.000000
2022-10-17,82.103208,84.313113,81.973720,83.907387,1658800.000000
2022-10-18,84.054158,86.281325,83.536206,85.020988,1912800.000000
2022-10-19,85.478505,86.428080,84.611810,85.918762,1274800.000000
2022-10-20,87.015078,87.748835,84.537563,85.323112,1126600.000000
2022-10-21,85.435346,85.694315,82.288814,83.752014,1825800.000000
2022-10-24,83.570736,85.271330,82.448522,83.484413,1645000.000000
2022-10-25,83.372194,85.677056,82.111857,85.366287,1809800.000000
2022-10-26,85.677055,86.730214,84.494407,85.288597,2198700.000000
2022-10-27,86.453960,87.576174,84.597982,84.623878,1528500.000000
2022-10-28,85.115949,85.892871,82.698868,84.477150,1091800.000000
2022-10-31,85.901514,89.440817,85.737495,88.284065,2073800.000000
2022-11-01,89.233624,89.699777,87.274055,88.629349,2091800.000000
2022-11-02,89.570306,92.634822,87.943087,89.578934,3606000.000000
2022-11-03,88.396269,89.259514,84.977820,85.564827,2672400.000000
2022-11-04,87.705681,88.189102,84.503043,87.075516,1616300.000000
2022-11-07,88.793373,91.020546,88.046668,89.976021,2247400.000000
2022-11-08,88.534403,90.760714,86.367663,90.424911,1882600.000000
2022-11-09,88.275421,88.681147,85.133210,85.210899,1617200.000000
2022-11-10,87.377636,88.258143,85.694305,87.886948,1423600.000000
2022-11-11,89.725666,91.719760,87.204987,88.422165,2321400.000000
2022-11-14,89.312891,90.791496,88.208395,88.350914,2050300.000000
2022-11-15,88.996688,91.486260,88.003533,91.103249,1528800.000000
2022-11-16,89.571199,90.367511,87.700680,88.689384,1264100.000000
2022-11-17,87.923355,89.027850,86.801041,88.965500,1039500.000000
2022-11-18,86.845599,88.555787,86.052855,88.056984,1306200.000000
2022-11-21,87.103902,87.905555,83.763687,87.362213,1509000.000000
2022-11-22,88.627035,91.263577,87.852103,91.014175,1286700.000000
2022-11-23,91.138872,92.809870,90.586621,92.154297,1130100.000000
2022-11-25,92.635289,93.463663,91.076522,91.691124,704200.000000
2022-11-28,88.938804,89.793899,87.299875,87.504738,1952100.000000
2022-11-29,88.849714,89.580107,87.348846,88.448891,1969100.000000
2022-11-30,89.473230,92.564044,88.493435,92.189941,9147000.000000
2022-12-01,92.875785,93.659627,90.898384,91.014175,1722100.000000
2022-12-02,90.257055,91.343739,89.344061,90.631157,1801500.000000
2022-12-05,90.987451,92.920320,84.315931,85.349167,2172100.000000
2022-12-06,84.307019,87.059352,82.759832,83.478645,2041600.000000
2022-12-07,83.656792,85.776719,83.086729,85.393707,2086100.000000
2022-12-08,87.192978,87.665061,83.327239,83.826042,1114600.000000
2022-12-09,83.630090,85.295746,83.389597,84.369392,1749900.000000
2022-12-12,86.257707,88.613675,85.349171,88.154953,2156000.000000
2022-12-13,90.577719,91.165594,88.056969,89.027855,2584800.000000
2022-12-14,89.740428,90.212511,88.074772,88.324181,2055000.000000
2022-12-15,87.629436,88.992250,87.362223,88.110428,1325700.000000
2022-12-16,86.489301,87.869926,85.269014,86.979202,4033300.000000
2022-12-19,86.738716,87.584908,84.859287,85.456078,1257600.000000
2022-12-20,84.885999,86.133008,84.422819,85.224472,1094300.000000
2022-12-21,87.380014,87.789746,85.785618,87.736305,1040700.000000
2022-12-22,87.380027,87.584896,82.730446,83.621170,1343500.000000
2022-12-23,84.093263,86.765435,83.336142,86.729805,1146600.000000
2022-12-27,87.397854,88.618142,86.997024,87.923378,1054100.000000
2022-12-28,86.614013,86.765441,83.336148,83.398499,930800.000000
2022-12-29,82.677006,84.788025,82.481046,84.244682,655100.000000
2022-12-30,83.549912,84.627688,83.166901,84.057625,735900.000000
2023-01-03,82.895223,83.309406,76.437475,76.718048,1985800.000000
2023-01-04,75.533409,79.897952,75.328540,79.523849,1703900.000000
2023-01-05,79.247711,79.399133,75.350794,75.613556,2333100.000000
2023-01-06,76.067826,78.232285,75.702626,78.196655,1505100.000000
2023-01-09,79.862321,81.207310,79.007220,79.443680,1991400.000000
2023-01-10,79.523835,79.813324,77.127785,78.713280,1938500.000000
2023-01-11,80.058265,80.800238,77.951705,79.782143,1378500.000000
2023-01-12,81.198414,82.193350,80.690695,81.492348,973700.000000
2023-01-13,81.082605,81.367636,79.915758,81.242935,890800.000000
2023-01-17,82.516665,82.828417,79.853402,80.592705,1526300.000000
2023-01-18,80.592710,81.804089,78.650932,79.114105,2380400.000000
2023-01-19,78.579672,81.046974,77.377196,80.966812,1890700.000000
2023-01-20,81.777374,82.944228,80.489388,80.944550,1179600.000000
2023-01-23,81.786282,82.819525,81.020258,82.151482,1183500.000000
2023-01-24,82.267280,82.423160,80.851025,81.804100,1226400.000000
2023-01-25,81.501259,81.590330,79.519399,81.234039,1006200.000000
2023-01-26,81.438895,81.826357,76.290511,78.259010,3265500.000000
2023-01-27,78.428226,79.229872,77.533045,78.063026,1462900.000000
2023-01-30,77.582063,77.827014,76.513197,76.816040,1209200.000000
2023-01-31,76.940742,77.680044,76.130186,77.243591,1441300.000000
2023-02-01,76.237063,77.377196,73.466918,74.624855,1995200.000000
2023-02-02,75.132569,76.495376,74.375455,76.139091,1874100.000000
2023-02-03,76.379589,77.359384,74.820822,75.355255,1753600.000000
2023-02-06,75.355247,75.738259,73.306586,73.805389,1197000.000000
2023-02-07,74.117144,75.854059,73.760853,75.791702,1577900.000000
2023-02-08,75.711536,76.397391,72.371322,73.021553,2067200.000000
2023-02-09,73.235337,74.063710,72.317892,73.199707,1486900.000000
2023-02-10,74.179488,74.740649,72.816682,74.678291,1701500.000000
2023-02-13,73.627255,74.811913,73.146263,74.348740,1087900.000000
2023-02-14,74.411092,75.302706,73.702968,74.705032,862300.000000
2023-02-15,73.983539,74.722841,73.226425,74.072617,1113000.000000
2023-02-16,74.330923,76.067839,73.662879,74.740662,1702100.000000
2023-02-17,73.306587,73.582710,70.901629,71.338081,1773800.000000
2023-02-21,70.741305,71.106505,68.737175,69.512108,2460200.000000
2023-02-22,71.703282,72.255533,69.414121,70.990700,2955600.000000
2023-02-23,72.148652,73.413479,70.794754,72.077393,2073500.000000
2023-02-24,71.961595,76.245975,71.569674,76.067833,2603600.000000
2023-02-27,76.611184,77.127799,72.549477,72.977028,1987900.000000
2023-02-28,73.449104,73.702964,70.821471,71.979408,2212200.000000
2023-03-01,71.346996,73.021562,70.376110,72.451492,1547400.000000
2023-03-02,72.460395,73.360028,71.783443,73.110626,1409400.000000
2023-03-03,71.703281,75.052405,71.703281,74.972237,1791600.000000
2023-03-06,73.289704,73.746525,71.159403,71.896645,2588400.000000
2023-03-07,71.679539,72.339892,71.091556,71.616219,1274500.000000
2023-03-08,71.236299,72.457491,70.214117,70.946831,1495400.000000
2023-03-09,71.236290,72.057653,69.200967,69.228104,1065600.000000
2023-03-10,69.101470,69.997011,67.491305,68.006920,1195500.000000
2023-03-13,66.224870,68.513476,65.383603,67.174690,1321100.000000
2023-03-14,67.391787,69.219051,66.586704,67.590797,974300.000000
2023-03-15,64.705161,65.831375,63.094996,64.822762,2395900.000000
2023-03-16,63.339248,66.523402,63.031691,66.261070,1913700.000000
2023-03-17,65.392660,65.903754,64.252877,65.193649,2739400.000000
2023-03-20,65.320289,67.626991,65.067006,66.704308,1655200.000000
2023-03-21,67.536519,68.540605,66.505283,67.789803,1279800.000000
2023-03-22,67.844084,68.219489,66.586708,66.740486,1178200.000000
2023-03-23,67.029972,67.627003,65.338397,66.170616,1783200.000000
2023-03-24,65.645937,67.934543,65.284100,67.210876,1563500.000000
2023-03-27,67.337513,68.902446,66.514335,68.187820,1225700.000000
2023-03-28,67.844083,69.689443,67.681257,68.558708,974400.000000
2023-03-29,69.047194,69.047194,67.780770,67.943596,1066000.000000
2023-03-30,68.450165,68.522534,67.355614,67.826004,961400.000000
2023-03-31,68.495398,69.363802,68.160698,68.784866,883000.000000
2023-04-03,70.512617,71.462437,68.432069,69.535667,1397300.000000
2023-04-04,69.897494,70.087464,67.844083,69.029091,1421500.000000
2023-04-05,69.635181,70.205069,68.278299,69.399986,1045700.000000
2023-04-06,69.083378,69.259773,67.807906,68.097374,846500.000000
2023-04-10,68.866274,71.326754,68.727872,70.141747,1450900.000000
2023-04-11,70.168889,71.390082,69.897510,71.344856,1522800.000000
2023-04-12,71.688590,72.380599,71.109654,71.507675,1252900.000000
2023-04-13,71.136795,73.163070,71.109659,72.846466,1781800.000000
2023-04-14,72.846456,73.515849,72.692678,73.253525,2007000.000000
2023-04-17,74.176182,74.352576,73.438037,73.805298,1406200.000000
2023-04-18,73.769141,74.171682,72.982147,73.597267,930200.000000
2023-04-19,72.367038,73.588231,72.077570,73.208305,764200.000000
2023-04-20,72.611269,73.280669,72.149934,73.262573,1071700.000000
2023-04-21,73.190213,73.497769,72.276577,73.135933,1096000.000000
2023-04-24,73.334940,74.845600,73.000240,74.601364,1015400.000000
2023-04-25,73.769149,73.782717,71.779051,72.204208,1281900.000000
2023-04-26,71.471480,72.149921,70.404067,71.760948,1311400.000000
2023-04-27,71.760948,73.271608,71.335791,72.692673,1191600.000000
2023-04-28,73.063562,75.329559,72.783142,74.791328,1433000.000000
2023-05-01,73.913880,75.044615,73.579180,74.393311,1044700.000000
2023-05-02,73.036418,73.533944,70.928733,72.466530,2019600.000000
2023-05-03,69.499482,71.263426,67.690307,69.680397,2402900.000000
2023-05-04,69.743708,71.163910,68.920537,69.626114,1828700.000000
2023-05-05,71.652425,72.584150,70.358864,71.136810,1431400.000000
2023-05-08,72.584112,73.045454,70.548790,70.847305,1355000.000000
2023-05-09,70.557857,70.937783,69.888464,70.639267,2007500.000000
2023-05-10,71.263433,71.335801,69.508530,70.286476,1102000.000000
2023-05-11,69.626119,70.404065,69.472341,69.888451,831500.000000
2023-05-12,70.666395,72.321785,69.689438,72.168007,1352200.000000
2023-05-15,73.054515,74.528990,72.498188,74.185249,1638000.000000
2023-05-16,74.239531,74.700873,72.086614,72.348946,1616400.000000
2023-05-17,72.954907,73.083445,71.178321,71.853149,1806400.000000
2023-05-18,71.394087,75.589958,71.210456,75.498146,2336000.000000
2023-05-19,76.076562,76.251010,74.235707,74.570824,1519900.000000
2023-05-22,73.514970,75.544045,73.199130,75.121704,1721100.000000
2023-05-23,76.104094,76.122461,73.974025,74.166832,1298100.000000
2023-05-24,74.827900,74.827900,73.294619,73.423157,1086500.000000
2023-05-25,72.367304,73.147716,71.958735,72.495842,1079400.000000
2023-05-26,72.495839,72.615194,70.494307,71.274719,1067800.000000
2023-05-30,70.136235,70.237230,68.088800,69.337456,1556900.000000
2023-05-31,68.428512,70.182151,68.428512,69.089569,1689600.000000
2023-06-01,69.374176,70.503483,69.080373,69.915878,1172800.000000
2023-06-02,70.834017,73.648092,70.595300,73.110985,1292900.000000
2023-06-05,74.368839,74.368839,71.045192,71.329819,1168100.000000
2023-06-06,70.696292,72.964084,70.393307,72.642738,833700.000000
2023-06-07,73.303806,75.332888,73.028370,74.589195,1635700.000000
2023-06-08,74.791165,74.791165,73.285426,74.717712,945100.000000
2023-06-09,74.598381,74.782005,73.120185,73.358902,1029300.000000
2023-06-12,72.532564,73.138535,71.853147,72.477478,743800.000000
2023-06-13,73.423141,74.680979,73.202791,73.964836,1135700.000000
2023-06-14,74.185214,74.534103,72.661109,73.230354,984700.000000
2023-06-15,73.560873,76.544808,73.446107,74.855438,1260600.000000
2023-06-16,75.103355,76.177570,75.057446,75.617508,1057000.000000
2023-06-20,75.351233,75.599126,73.588418,74.378014,1257700.000000
2023-06-21,74.350477,76.021480,74.304567,75.158432,978700.000000
2023-06-22,74.249469,74.635083,73.450690,74.442276,809000.000000
2023-06-23,73.459881,74.598365,73.441515,73.992393,1315100.000000
2023-06-26,74.157661,75.626681,74.157661,74.791176,1135300.000000
2023-06-27,74.368835,75.700126,73.634325,75.121704,1114800.000000
2023-06-28,75.521078,75.672571,74.557042,74.653442,856100.000000
2023-06-29,74.855439,77.150773,74.635089,77.123230,1454700.000000
2023-06-30,77.288512,77.738395,75.957220,76.829445,1348400.000000
2023-07-03,76.847777,77.806314,76.728422,76.930412,421600.000000
2023-07-05,77.297678,77.297678,76.113284,76.489716,823100.000000
2023-07-06,76.113284,76.237234,73.772041,74.644272,1108400.000000
2023-07-07,74.690188,76.581548,74.483609,75.424698,1575700.000000
2023-07-10,75.984744,76.214277,75.195149,76.058189,1143600.000000
2023-07-11,76.453005,78.013836,76.168385,77.334419,1191600.000000
2023-07-12,77.371118,78.022999,76.820239,77.224220,1270700.000000
2023-07-13,77.297691,78.023018,76.177567,76.572365,1151300.000000
2023-07-14,76.434650,76.581554,74.231127,74.479027,1272200.000000
2023-07-17,74.295394,74.745285,73.211996,74.231125,1482800.000000
2023-07-18,74.524913,76.241825,74.378015,74.837082,1322000.000000
2023-07-19,74.846259,76.214283,74.791173,75.415504,1141300.000000
2023-07-20,76.370368,76.879932,75.498143,76.636627,915700.000000
2023-07-21,77.114057,77.114057,76.205106,76.287735,752500.000000
2023-07-24,76.618264,77.095698,76.228061,76.590721,879100.000000
2023-07-25,76.526449,76.599901,75.488960,76.094925,1172400.000000
2023-07-26,75.286973,76.618264,75.112525,76.498909,817900.000000
2023-07-27,76.829429,77.233410,75.140059,75.433868,998800.000000
2023-07-28,76.443818,78.004642,75.700125,77.563942,3016900.000000
2023-07-31,78.041366,78.119406,76.889111,77.435394,1079100.000000
2023-08-01,76.535645,77.554774,75.429292,77.536407,2037900.000000
2023-08-02,77.123239,77.123239,74.460649,75.736855,2321400.000000
2023-08-03,76.287737,78.078102,75.250248,77.141602,1313000.000000
2023-08-04,77.830187,79.634323,77.462939,78.381073,1704500.000000
2023-08-07,79.014599,80.400983,78.463720,79.785835,1379400.000000
2023-08-08,78.674880,80.474421,78.215813,80.061256,1922000.000000
2023-08-09,81.723080,81.768983,80.437692,80.593773,1561900.000000
2023-08-10,80.483611,81.204343,78.215820,78.426987,1344000.000000
2023-08-11,78.325989,79.042132,77.646572,77.995461,1230100.000000
2023-08-14,78.133184,78.133184,77.003883,77.426224,1315900.000000
2023-08-15,76.664169,76.912062,75.819487,76.085747,1366000.000000
2023-08-16,75.461677,76.552645,75.230540,76.349243,2018400.000000
2023-08-17,80.898011,81.507285,79.649871,79.742325,8740000.000000
2023-08-18,79.104402,79.769154,78.595904,79.446487,20398500.000000
2023-08-21,79.446473,80.777825,79.446473,80.232338,2515400.000000
2023-08-22,80.260084,80.962743,79.335535,79.575920,2087500.000000
2023-08-23,79.002684,79.128424,78.438709,78.494186,1476400.000000
2023-08-24,78.235329,79.603657,77.726824,78.142868,1470800.000000
2023-08-25,78.577389,79.155232,77.588122,78.706825,1061700.000000
2023-08-28,79.511204,80.047444,78.873263,79.021194,1147700.000000
2023-08-29,79.021200,79.908766,78.489580,79.844048,853600.000000
2023-08-30,79.890262,81.346424,79.612895,81.175385,1466000.000000
2023-08-31,81.351064,81.878057,81.027474,81.554466,1440200.000000
2023-09-01,82.682399,83.634683,82.391163,83.449776,1753900.000000
2023-09-05,83.098433,83.764109,81.942747,82.062943,1719700.000000
2023-09-06,81.480470,82.506720,81.286316,81.730103,1960200.000000
2023-09-07,81.600666,82.169261,80.731588,81.027443,1852200.000000
2023-09-08,81.646897,82.377292,81.498973,81.813316,1460100.000000
2023-09-11,82.506737,82.571455,80.653019,80.824059,1124500.000000
2023-09-12,81.794821,82.331061,81.203110,81.545189,1360700.000000
2023-09-13,81.924265,82.067569,80.213851,80.666878,1453600.000000
2023-09-14,81.776342,81.998238,80.509714,80.925758,1498900.000000
2023-09-15,80.592910,80.597538,78.438710,79.002686,2615400.000000
2023-09-18,79.233829,79.303174,78.381398,78.845520,1121200.000000
2023-09-19,79.677610,80.130637,77.948702,78.281540,973600.000000
2023-09-20,77.514163,78.558907,77.375486,77.486427,776600.000000
2023-09-21,77.541910,77.856253,76.081121,76.460182,1480200.000000
2023-09-22,76.543392,77.324637,75.665067,75.877716,1000100.000000
2023-09-25,75.739050,77.130500,75.684503,76.820770,702300.000000
2023-09-26,75.933198,77.135114,75.877727,76.811523,1171600.000000
2023-09-27,77.662095,79.538928,77.625112,79.159866,1271900.000000
2023-09-28,79.011946,80.611419,79.011946,80.176880,907900.000000
2023-09-29,80.343300,80.491224,79.354033,79.723854,934000.000000
2023-10-02,79.483462,79.483462,76.756039,77.329262,1270800.000000
2023-10-03,77.162843,77.773049,75.720549,76.709816,1368500.000000
2023-10-04,76.349244,76.349244,74.657318,75.988670,1626200.000000
2023-10-05,75.581869,77.883993,75.415450,77.643616,1398900.000000
2023-10-06,78.235322,81.425013,77.782288,80.694618,2030200.000000
2023-10-09,81.988995,82.839579,81.727351,82.377304,1840500.000000
2023-10-10,82.377302,82.996748,81.448133,82.044464,1522800.000000
2023-10-11,81.388017,81.887274,80.260067,81.545189,1625000.000000
2023-10-12,81.878046,82.442021,81.221617,82.210884,1292200.000000
2023-10-13,82.978261,83.135433,82.164661,82.210884,1280600.000000
2023-10-16,82.395777,82.534453,80.814799,82.284828,986400.000000
2023-10-17,82.368040,84.133932,80.500455,82.830315,4885400.000000
2023-10-18,83.098445,83.098445,81.360296,82.626930,2238100.000000
2023-10-19,82.109180,83.181660,81.480486,82.072197,1831700.000000
2023-10-20,82.127674,82.173897,80.999723,81.378784,954900.000000
2023-10-23,80.602153,80.999709,79.742323,80.297050,1679000.000000
2023-10-24,81.110675,81.129162,79.668374,80.371033,1054400.000000
2023-10-25,80.555939,80.703870,78.817790,80.112160,1787300.000000
2023-10-26,79.021196,80.999730,77.893245,80.509720,1167500.000000
2023-10-27,80.297051,80.888762,78.572770,79.317032,1048900.000000
2023-10-30,78.854765,79.418740,78.087388,79.141373,1337800.000000
2023-10-31,79.807041,80.204598,79.021176,79.585152,1509300.000000
2023-11-01,81.360286,82.053698,77.930211,80.352531,2233000.000000
2023-11-02,80.352533,82.238606,80.112149,82.007469,1615300.000000
2023-11-03,82.442017,83.163164,81.952007,82.617683,1617500.000000
2023-11-06,81.970489,82.368038,78.475689,78.790039,2892200.000000
2023-11-07,78.004185,78.198340,75.341480,76.358482,2276600.000000
2023-11-08,75.951690,76.737555,75.230543,75.258278,1602100.000000
2023-11-09,75.424685,75.785259,74.347585,74.416924,953500.000000
2023-11-10,74.888466,75.050265,72.364444,73.122574,2232100.000000
2023-11-13,74.102581,74.749762,73.344451,73.973145,1257100.000000
2023-11-14,74.102588,75.692813,73.963905,75.387711,1093200.000000
2023-11-15,75.615830,77.943617,75.401677,77.515305,1666800.000000
2023-11-16,76.733184,77.431521,74.815083,75.541351,2017500.000000
2023-11-17,75.969641,76.919382,75.597201,75.960335,1163800.000000
2023-11-20,75.643761,76.649367,75.234076,76.127945,949900.000000
2023-11-21,75.988271,76.472448,74.670743,76.044136,1616200.000000
2023-11-22,74.852303,77.003176,74.433304,76.174484,985200.000000
2023-11-24,75.885855,77.189417,75.857923,76.491081,556900.000000
2023-11-27,75.839296,76.174498,75.038537,75.941719,1473400.000000
2023-11-28,76.202432,76.202432,74.954742,75.401680,1647700.000000
2023-11-29,75.885847,75.885847,74.228464,74.270363,1436100.000000
2023-11-30,75.029222,76.044133,73.883948,74.777817,2007700.000000
2023-12-01,74.442618,75.559960,74.302956,75.047844,1247000.000000
2023-12-04,74.153983,74.600921,72.636268,72.924911,1595300.000000
2023-12-05,73.269428,73.272220,71.127861,71.127861,1191900.000000
2023-12-06,70.680925,71.388567,68.800070,68.855934,2383700.000000
2023-12-07,69.219073,70.038458,68.781455,69.870857,2202100.000000
2023-12-08,69.982596,71.044066,69.098033,69.880173,1543800.000000
2023-12-11,68.362447,69.945346,67.822398,69.926720,1233400.000000
2023-12-12,68.623152,69.442538,68.101730,68.679024,1808500.000000
2023-12-13,68.753510,69.908098,68.162258,69.787048,2239100.000000
2023-12-14,69.880171,71.407199,69.498410,70.550568,1939800.000000
2023-12-15,70.224679,70.746108,69.600834,70.550568,3448400.000000
2023-12-18,71.863438,72.114836,70.867146,71.044060,1513100.000000
2023-12-19,70.736804,71.844833,70.261934,71.621361,1595000.000000
2023-12-20,71.556165,72.328992,69.945341,70.001205,2145900.000000
2023-12-21,70.466772,72.021732,70.159502,72.003113,1626800.000000
2023-12-22,71.900686,72.440734,71.211663,71.956551,1440800.000000
2023-12-26,71.844809,72.924898,71.770318,72.580383,875600.000000
2023-12-27,72.580401,72.990094,72.180022,72.720070,1165900.000000
2023-12-28,72.878344,73.437018,72.142770,72.180008,1174100.000000
2023-12-29,72.254509,72.477974,71.546859,71.639977,741500.000000
2024-01-02,72.496604,72.943535,71.365295,71.686531,929000.000000
2024-01-03,71.267529,72.720065,70.764726,72.571091,1071400.000000
2024-01-04,73.362542,73.474278,71.416508,71.658600,1024800.000000
2024-01-05,71.556175,74.535747,70.504018,73.744293,5818500.000000
2024-01-08,72.366233,73.520813,71.444432,73.329933,1924700.000000
2024-01-09,73.828077,73.828077,72.026373,72.952827,1892900.000000
2024-01-10,72.524540,72.869055,71.491002,71.863449,1570700.000000
2024-01-11,74.461249,77.273213,73.185620,74.135361,7821800.000000
2024-01-12,76.593518,77.282541,75.587912,77.161499,3443700.000000
2024-01-16,76.351413,76.705234,72.831800,73.241493,4122800.000000
2024-01-17,72.477977,72.906296,71.425820,71.686531,2390100.000000
2024-01-18,71.667900,71.667900,70.215364,71.090607,2650900.000000
2024-01-19,70.718176,70.797327,69.684638,70.708870,2103300.000000
2024-01-22,70.252601,70.983530,69.293554,70.122246,1803100.000000
2024-01-23,69.759126,70.355039,69.070103,69.731194,1617100.000000
2024-01-24,70.168810,71.520785,69.852227,71.174416,2512900.000000
2024-01-25,71.742391,72.233089,71.272173,72.021721,2233700.000000
2024-01-26,72.235885,72.589707,70.741443,72.170708,2081900.000000
2024-01-29,72.533843,72.533843,71.360636,72.142776,1859000.000000
2024-01-30,71.686521,73.753597,71.490988,73.669800,1978700.000000
2024-01-31,73.707044,73.837399,71.761010,71.798256,1441200.000000
2024-02-01,71.909998,72.737759,71.193036,71.630661,1640100.000000
2024-02-02,71.230282,72.347617,70.932326,71.314079,1090200.000000
2024-02-05,70.867157,70.978893,69.610153,70.159508,1876600.000000
2024-02-06,70.708851,71.332697,69.917398,70.792648,2544100.000000
2024-02-07,71.165098,71.584097,69.833604,70.801964,1879600.000000
2024-02-08,70.476079,71.993794,70.364343,71.947235,1531300.000000
2024-02-09,71.761017,71.909999,71.127859,71.537552,1923800.000000
2024-02-12,71.481681,73.045954,71.463062,72.217262,1602800.000000
2024-02-13,71.565487,71.686530,70.382968,71.165108,1989100.000000
2024-02-14,71.211660,71.528236,69.554270,70.625053,2359400.000000
2024-02-15,71.295470,73.660503,70.764735,72.710762,2168800.000000
2024-02-16,72.720072,73.669813,71.891380,73.306679,1743000.000000
2024-02-20,72.980781,73.502210,72.198648,72.301071,1984000.000000
2024-02-21,74.023634,78.518129,74.023634,78.073982,6009900.000000
2024-02-22,76.667971,77.822558,75.774101,77.543221,2421000.000000
2024-02-23,76.667993,76.667993,75.345812,76.286240,2020800.000000
2024-02-26,76.472456,77.035783,75.848611,76.332794,1640100.000000
2024-02-27,76.835581,77.031121,75.857915,76.295540,1817200.000000
2024-02-28,75.988279,76.872836,75.634458,76.397972,1276900.000000
2024-02-29,76.463150,77.533927,76.318822,77.077682,1710300.000000
2024-03-01,77.552552,77.906373,76.751793,77.105614,1539500.000000
2024-03-04,78.129844,78.455732,76.677300,76.742477,2619100.000000
2024-03-05,76.658684,77.869129,76.267617,77.208038,2324900.000000
2024-03-06,77.972205,78.037838,76.589215,76.809555,1346000.000000
2024-03-07,76.875181,77.043952,76.162597,76.443878,1226200.000000
2024-03-08,76.865809,77.390872,76.406372,76.893936,985100.000000
2024-03-11,76.781425,78.300367,76.200101,78.150345,2699300.000000
2024-03-12,78.328486,79.172342,77.944060,78.516006,2590000.000000
2024-03-13,78.525389,80.133398,78.525389,79.659904,2628000.000000
2024-03-14,79.659913,79.988077,78.234738,79.134850,2550200.000000
2024-03-15,79.059828,79.575520,77.953440,78.262856,7173600.000000
2024-03-18,78.459753,78.881677,77.644024,78.272232,1779000.000000
2024-03-19,78.309727,79.659897,77.972192,79.378616,1775300.000000
2024-03-20,78.853549,81.281980,78.759789,80.813171,1280400.000000
2024-03-21,80.935056,81.488253,80.756906,80.869423,1669300.000000
2024-03-22,80.719405,81.010071,80.283417,80.925682,1186000.000000
2024-03-25,81.150716,81.957067,80.860050,81.366364,1550900.000000
2024-03-26,81.375753,81.910194,80.334998,80.381882,1746900.000000
2024-03-27,80.025586,82.388384,79.913076,82.257118,1619400.000000
2024-03-28,82.510259,83.560392,82.303982,83.288483,1993000.000000
2024-04-01,83.766666,84.385497,82.979072,84.151093,1316800.000000
2024-04-02,84.254225,84.291730,82.866549,83.419746,1241600.000000
2024-04-03,83.916682,84.685528,83.438496,84.666779,1483000.000000
2024-04-04,84.498013,85.351241,83.457258,83.747917,1233400.000000
2024-04-05,83.232230,84.254236,82.500890,83.926071,1880100.000000
2024-04-08,84.010454,84.858996,83.522897,84.563652,1686100.000000
2024-04-09,84.629281,85.079333,83.354122,84.301117,1194300.000000
2024-04-10,83.644772,84.685527,83.335357,84.385490,1395200.000000
2024-04-11,84.441769,84.441769,81.760184,82.491531,2102900.000000
2024-04-12,83.110330,84.526133,82.407117,83.063446,1577300.000000
2024-04-15,83.213476,83.672906,81.685163,82.097710,1645700.000000
2024-04-16,81.675791,82.233674,80.114658,81.825806,1547400.000000
2024-04-17,81.760172,82.857188,81.356996,81.713295,907300.000000
2024-04-18,82.125842,82.388380,81.544524,81.872688,1081100.000000
2024-04-19,81.703906,82.599332,81.263225,82.050827,1217200.000000
2024-04-22,81.694536,83.560398,81.216357,82.894691,1235200.000000
2024-04-23,82.482132,83.400992,81.825796,83.007195,1186500.000000
2024-04-24,82.800923,85.154343,82.454010,85.032455,1795300.000000
2024-04-25,84.901188,85.829427,84.282358,85.763794,1471700.000000
2024-04-26,85.388733,86.495120,84.891797,86.316971,1515500.000000
2024-04-29,86.190406,87.338985,86.054447,87.160835,2159800.000000
2024-04-30,87.057694,87.742158,84.188590,84.272972,2014500.000000
2024-05-01,84.104221,84.296434,80.606914,81.272621,4027400.000000
2024-05-02,82.013320,82.285229,80.766288,81.375740,2047900.000000
2024-05-03,81.206967,81.722659,79.772415,81.263222,2836700.000000
2024-05-06,81.966441,84.282355,81.966441,83.522888,2000300.000000
2024-05-07,83.522901,84.399571,83.054093,83.091599,1968200.000000
2024-05-08,82.632145,83.279102,82.182093,82.857178,1195100.000000
2024-05-09,83.410381,83.663541,82.669663,82.791557,1404600.000000
2024-05-10,82.763403,83.400983,80.906927,81.685150,1259700.000000
2024-05-13,82.003955,83.269736,81.619535,82.875938,1429400.000000
2024-05-14,82.772790,85.238726,82.772790,85.144958,1865800.000000
2024-05-15,85.310344,86.397162,84.299133,86.236504,2030700.000000
2024-05-16,86.387722,87.209918,86.009698,86.104202,1526600.000000
2024-05-17,86.576722,87.001995,85.792323,86.652328,1025800.000000
2024-05-20,86.463319,87.867675,86.151456,86.567276,1526500.000000
2024-05-21,85.943548,86.860255,85.367062,85.745087,1277100.000000
2024-05-22,85.584418,85.584418,83.703756,84.818924,1021100.000000
2024-05-23,85.385958,85.811238,83.921123,84.214088,1360200.000000
2024-05-24,84.752762,85.263094,84.152649,84.790565,934600.000000
2024-05-28,85.253642,85.896282,84.743310,85.518257,1283800.000000
2024-05-29,84.837810,84.875613,83.949461,84.421989,957900.000000
2024-05-30,84.696071,85.674202,84.516508,84.970139,1302500.000000
2024-05-31,85.367057,86.614532,84.738592,85.934090,1653300.000000
2024-06-03,86.444430,87.016186,84.856733,85.986076,2051600.000000
2024-06-04,85.584413,85.763976,83.051658,83.694298,2748800.000000
2024-06-05,83.817155,84.284954,83.013850,83.921112,1359200.000000
2024-06-06,83.873858,84.204627,83.165065,83.458031,1152200.000000
2024-06-07,82.805961,83.675412,82.683099,83.439148,1036600.000000
2024-06-10,83.439140,84.771667,83.278482,84.053429,1048700.000000
2024-06-11,83.637598,84.577933,83.098916,83.836060,1028100.000000
2024-06-12,84.412552,84.639364,82.201120,82.380676,1168900.000000
2024-06-13,81.879793,82.399577,80.613419,81.322212,1023100.000000
2024-06-14,80.915835,81.208800,80.320444,80.462204,1484200.000000
2024-06-17,80.736266,81.407256,79.564397,79.980217,1494400.000000
2024-06-18,80.273198,80.500010,79.243081,79.337585,1445600.000000
2024-06-20,79.082423,79.994400,78.676048,79.332863,1296900.000000
2024-06-21,79.384832,79.583294,77.749880,77.891640,4788100.000000
2024-06-24,78.487041,80.641771,78.321653,80.121986,1973700.000000
2024-06-25,79.876257,79.876257,78.572080,79.025711,1416400.000000
2024-06-26,78.817810,78.959571,77.792424,78.194069,1441300.000000
2024-06-27,78.487037,78.874507,77.494724,77.797142,1469500.000000
2024-06-28,78.572072,78.732730,77.258443,77.674271,1814800.000000
2024-07-01,77.674274,78.373614,76.956028,77.967239,1468500.000000
2024-07-02,78.127918,79.030450,77.664842,78.458687,1558600.000000
2024-07-03,78.487044,79.469897,78.420890,79.035172,792800.000000
2024-07-05,78.732739,79.063515,77.305707,77.787682,1995900.000000
2024-07-08,77.891634,78.676033,77.447456,78.061745,1158600.000000
2024-07-09,77.919992,78.260213,77.258454,78.005051,1776900.000000
2024-07-10,77.976713,78.553198,77.447475,78.458687,1201600.000000
2024-07-11,78.969016,79.507699,78.212975,78.893417,1472000.000000
2024-07-12,79.649459,79.748693,78.694949,78.893417,1575700.000000
2024-07-15,78.987917,79.616381,78.468132,79.167473,1285200.000000
2024-07-16,79.101325,79.158033,78.118471,78.279129,1877400.000000
2024-07-17,78.449231,79.621101,77.428567,77.541977,2550000.000000
2024-07-18,78.288573,78.439786,76.748132,76.870987,1503200.000000
2024-07-19,76.540200,76.776464,75.453382,76.559105,1556000.000000
2024-07-22,76.568562,77.149777,76.114938,76.889885,1493600.000000
2024-07-23,76.351203,76.535489,74.612293,75.576256,2007000.000000
2024-07-24,75.821971,76.190543,73.331742,73.393173,1848600.000000
2024-07-25,73.516033,74.016912,73.015153,73.147461,1840700.000000
2024-07-26,73.175816,74.423291,72.287459,73.516037,3769000.000000
2024-07-29,73.553835,73.553835,71.786574,72.363060,3032200.000000
2024-07-30,71.314057,73.034062,70.926587,72.051201,3904000.000000
2024-07-31,72.533168,73.023650,71.852726,72.136246,2274400.000000
2024-08-01,72.580433,72.986808,70.420973,70.917130,2487900.000000
2024-08-02,70.671407,70.671407,67.543269,68.450523,4369700.000000
2024-08-05,66.220180,67.618868,65.605891,67.193588,3539700.000000
2024-08-06,67.599967,68.204803,66.796669,66.834473,2101000.000000
2024-08-07,68.034694,68.866349,67.467660,67.581070,1558800.000000
2024-08-08,67.543269,69.452282,67.524364,68.450523,1499900.000000
2024-08-09,68.611182,69.130967,67.713380,68.535576,984700.000000
2024-08-12,68.790755,69.896471,68.790755,69.338890,942500.000000
2024-08-13,68.837999,68.946686,68.034701,68.280418,1078200.000000
2024-08-14,68.667895,68.667895,68.034700,68.204811,908400.000000
2024-08-15,68.352475,69.933873,68.352475,69.600441,1155900.000000
2024-08-16,68.628745,69.733812,68.628745,69.476601,927900.000000
2024-08-19,69.733806,71.019886,69.733806,70.667404,1367600.000000
2024-08-20,70.495923,70.743613,69.090769,69.714752,1131700.000000
2024-08-21,70.314931,70.410201,68.543005,68.943123,1095700.000000
2024-08-22,68.943108,69.357507,68.153360,68.219093,1474900.000000
2024-08-23,68.724011,69.971977,68.657326,69.962456,1036500.000000
2024-08-26,70.781718,71.462857,70.181545,70.391129,1769600.000000
2024-08-27,70.219660,70.514978,69.181277,69.524231,1116900.000000
2024-08-28,68.885947,68.981218,67.599874,68.571579,1357100.000000
2024-08-29,68.990740,70.534032,68.514416,70.486397,1373100.000000
2024-08-30,70.057710,71.067515,69.905283,70.962723,1670200.000000
2024-09-03,69.771928,69.857670,67.447472,68.771652,3173900.000000
2024-09-04,68.819260,69.448011,67.037814,67.085442,2044600.000000
2024-09-05,67.695146,68.790692,66.723449,68.590637,5483200.000000
2024-09-06,68.771638,69.800492,67.395062,67.485558,4699700.000000
2024-09-09,67.237863,67.647502,66.637691,66.980644,2242100.000000
2024-09-10,67.094978,67.428403,65.847011,67.371246,1537700.000000
2024-09-11,67.657034,68.990742,66.647230,68.924057,1287000.000000
2024-09-12,68.952627,69.228896,67.695133,68.914520,998000.000000
2024-09-13,69.295587,70.010073,68.924055,69.752861,1380000.000000
2024-09-16,70.124400,70.657881,69.257487,69.600441,1076700.000000
2024-09-17,69.743331,70.000550,69.324163,69.867172,1198300.000000
2024-09-18,69.895763,72.163062,69.857656,70.981781,2058400.000000
2024-09-19,72.496476,73.763499,71.610513,72.944221,2099800.000000
2024-09-20,73.058545,75.259159,72.305953,74.744728,4030400.000000
2024-09-23,74.801884,77.040611,74.601828,76.459496,2830300.000000
2024-09-24,77.412157,77.412157,76.030814,76.297554,1877000.000000
2024-09-25,76.288032,76.616696,74.497049,74.535156,2009000.000000
2024-09-26,74.163613,77.040613,73.744453,76.497604,4966900.000000
2024-09-27,77.402617,79.889028,76.896763,78.688690,3821100.000000
2024-09-30,78.383849,79.755664,78.031374,78.355270,9983700.000000
2024-10-01,78.012315,78.550563,76.926297,77.602676,4189700.000000
2024-10-02,79.403177,79.460341,77.793208,79.298386,2127500.000000
2024-10-03,79.431755,81.260844,79.174544,81.175102,3460300.000000
2024-10-04,80.913136,81.927708,80.547324,81.575226,3573600.000000
2024-10-07,81.756222,81.832435,81.022686,81.394218,3424500.000000
2024-10-08,80.479683,82.042024,79.317451,81.927704,2383600.000000
2024-10-09,81.927694,83.099454,81.422792,82.908920,2907300.000000
2024-10-10,82.975615,83.128042,82.346871,82.508820,1966100.000000
2024-10-11,82.022953,83.994933,81.975325,83.251869,2302500.000000
2024-10-14,82.775553,83.451932,82.127752,82.518341,3145000.000000
2024-10-15,81.165572,82.356382,80.498722,81.727638,3493300.000000
2024-10-16,81.927689,82.365906,81.003619,82.365906,2600900.000000
2024-10-17,82.470707,83.785359,82.027730,83.423355,1782400.000000
2024-10-18,82.904157,83.356663,81.975327,82.556442,3185600.000000
2024-10-21,82.394487,83.356663,81.156049,81.689529,2397000.000000
2024-10-22,81.994384,82.356387,80.141484,80.374886,1578900.000000
2024-10-23,79.774704,80.122426,78.783950,79.346016,1585900.000000
2024-10-24,79.736599,81.279891,79.107856,81.260841,1400600.000000
2024-10-25,81.699056,82.089637,80.593981,80.774986,1227900.000000
2024-10-28,78.812543,81.337053,78.774436,81.222740,1596900.000000
2024-10-29,81.756214,81.813370,80.984571,81.670479,2015500.000000
2024-10-30,81.937230,86.128881,81.937230,84.499847,3837000.000000
2024-10-31,84.966649,85.061913,80.651156,80.708313,2600900.000000
2024-11-01,81.460898,81.841959,79.165014,79.698502,2615200.000000
2024-11-04,79.469870,82.356392,79.465110,81.775276,2180100.000000
2024-11-05,81.089357,83.023230,81.022672,82.565956,2035800.000000
2024-11-06,85.500123,88.720070,84.985693,87.986534,4172200.000000
2024-11-07,87.700733,88.129429,86.719508,87.776947,3220700.000000
2024-11-08,87.272047,89.034444,86.919565,88.110374,1837700.000000
2024-11-11,89.787031,92.044809,89.196387,91.206474,2812900.000000
2024-11-12,90.720644,91.487526,90.272899,91.054070,2212300.000000
2024-11-13,90.472951,91.930501,90.396738,91.587547,1928200.000000
2024-11-14,91.927762,92.531546,90.737458,91.228149,1848600.000000
2024-11-15,91.055640,92.113688,90.576450,91.036469,2414900.000000
2024-11-18,91.927762,93.480340,91.659417,92.406952,2633500.000000
2024-11-19,91.496492,92.732803,91.055639,91.726501,2610300.000000
2024-11-20,92.483630,95.425855,91.772515,94.170380,4691000.000000
2024-11-21,95.837964,97.055103,94.946671,96.767593,3853000.000000
2024-11-22,95.837955,96.297981,94.160791,95.291679,3284100.000000
2024-11-25,96.020050,96.317146,94.659146,94.754990,7018000.000000
2024-11-26,93.930776,95.358759,93.710345,94.774147,2605400.000000
2024-11-27,94.093716,95.598371,94.064965,94.639992,1560200.000000
2024-11-29,94.141619,95.560017,94.141619,94.841232,1791900.000000
2024-12-02,94.879577,95.100007,92.943653,93.767853,1953200.000000
2024-12-03,94.371635,94.582480,93.815773,93.902031,1818900.000000
2024-12-04,94.227872,94.275793,92.608208,93.422836,1382200.000000
2024-12-05,93.355762,94.275805,92.636977,92.704063,1825300.000000
2024-12-06,92.646541,93.125731,91.716912,92.550705,1571100.000000
2024-12-09,94.994575,95.152709,92.914886,93.087395,2493100.000000
2024-12-10,93.537841,94.103289,92.713634,92.981979,1684400.000000
2024-12-11,93.422845,96.072764,93.001156,95.454605,3395100.000000
2024-12-12,95.655859,96.326729,95.013746,95.512108,3672600.000000
2024-12-13,95.646277,96.010458,94.170371,94.429131,1757400.000000
2024-12-16,94.218289,94.352461,92.531546,92.684883,1664100.000000
2024-12-17,91.985279,92.914901,91.276073,92.723228,1678200.000000
2024-12-18,93.039485,93.188033,90.106839,90.566864,2390900.000000
2024-12-19,91.764854,92.100286,90.327285,90.394371,2712100.000000
2024-12-20,90.288937,92.397376,90.087678,90.921471,7952700.000000
2024-12-23,90.509376,92.847818,90.173938,92.608223,1398900.000000
2024-12-24,93.020322,93.719943,91.889434,93.413261,1031500.000000
2024-12-26,92.579475,92.751983,91.544423,92.196121,1275600.000000
2024-12-27,92.138603,93.188030,91.611491,92.589043,1101000.000000
2024-12-30,93.432418,97.237186,93.432418,95.684608,2637700.000000
2024-12-31,94.908331,96.096720,94.697486,95.406693,1666000.000000
2025-01-02,96.163793,97.438439,95.239918,97.007172,3425300.000000
2025-01-03,97.007172,97.687621,95.119164,95.847534,1959200.000000
2025-01-06,97.179691,98.310580,96.575908,97.275528,3242500.000000
2025-01-07,97.620539,99.091648,97.419280,98.406410,3111600.000000
2025-01-08,99.106032,99.791270,98.157231,98.636421,2497300.000000
2025-01-10,100.399839,100.629848,97.840960,97.898468,2811400.000000
2025-01-13,98.952694,99.352338,96.815504,97.955978,3113600.000000
2025-01-14,97.534286,100.361510,97.179690,99.786484,3988800.000000
2025-01-15,100.629854,101.851790,100.217751,100.859863,3905400.000000
2025-01-16,100.974860,104.300437,100.706514,103.294136,4329700.000000
2025-01-17,103.495406,104.913811,101.559483,101.933250,3325700.000000
2025-01-21,101.300719,102.594537,100.764029,102.354942,2316900.000000
2025-01-22,102.786205,103.811671,102.268679,102.604111,1847700.000000
2025-01-23,102.671200,103.083304,101.569070,101.588234,2545400.000000
2025-01-24,101.588234,101.929420,101.147380,101.588234,2962300.000000
2025-01-27,99.537285,99.863131,94.946647,97.198837,7452100.000000
2025-01-28,96.336304,97.965553,96.288389,97.879295,2145500.000000
2025-01-29,97.610968,99.125210,97.476795,98.301003,1364000.000000
2025-01-30,99.288127,99.671480,98.090152,98.444756,1403300.000000
2025-01-31,98.780172,98.780172,96.959250,97.371353,2125100.000000
2025-02-03,97.840974,98.962284,97.150947,98.588516,2360900.000000
2025-02-04,98.425576,100.313585,97.994308,99.623550,2308700.000000
2025-02-05,99.757723,101.444473,99.288119,100.716103,2470100.000000
2025-02-06,100.716099,101.013202,98.866434,99.546883,2323700.000000
2025-02-07,99.556468,100.696942,98.372869,98.713097,1574900.000000
2025-02-10,99.748150,101.147383,98.818520,100.744865,2274600.000000
2025-02-11,101.271968,102.220769,100.591519,101.382187,2620400.000000
2025-02-12,101.243217,102.019502,99.230621,99.681061,2155300.000000
2025-02-13,99.920658,100.965289,99.134787,100.658607,1961000.000000
2025-02-14,100.888606,102.057830,100.653808,100.946114,1781500.000000
2025-02-18,100.946118,102.565774,99.728972,101.961998,3197700.000000
2025-02-19,102.891624,104.520866,102.546607,102.977875,3343100.000000
2025-02-20,101.942847,102.709546,99.939830,101.732002,3086800.000000
2025-02-21,101.463641,102.134504,99.096442,99.805641,4336400.000000
2025-02-24,99.958991,100.073992,98.444750,99.575638,2656500.000000
2025-02-25,99.527709,100.035649,97.495950,98.607666,2955600.000000
2025-02-26,98.473498,99.815231,97.917636,98.166817,2962800.000000
2025-02-27,97.419289,97.754720,93.595356,93.691193,8282100.000000
2025-02-28,93.403675,94.917916,92.886149,94.764572,4026400.000000
2025-03-03,95.732535,95.972130,93.614517,94.256630,4181500.000000
2025-03-04,93.777432,97.414480,92.723216,96.508812,4372200.000000
2025-03-05,96.163795,97.783458,94.793319,97.409691,3790200.000000
2025-03-06,96.614230,97.045505,92.129014,92.234436,5440100.000000
2025-03-07,91.764850,92.569886,89.215557,92.033195,4141000.000000
2025-03-10,93.499508,95.282095,92.378206,94.965828,5333900.000000
2025-03-11,94.903167,97.746893,94.806771,96.686523,4420000.000000
2025-03-12,98.045726,98.479518,96.079219,97.187790,3511100.000000
2025-03-13,96.782915,97.954139,95.847860,97.534813,2462900.000000
2025-03-14,97.505913,99.491696,96.937165,98.903671,3644800.000000
2025-03-17,98.807265,101.949820,98.277077,101.766663,4954400.000000
2025-03-18,102.778842,104.918857,102.239012,103.145149,4952600.000000
2025-03-19,103.174063,105.073092,102.595681,104.648941,5783600.000000
2025-03-20,104.436860,105.680386,104.003075,105.314079,6788500.000000
2025-03-21,105.111654,105.632200,103.212625,103.482536,53145100.000000
2025-03-24,104.138036,105.458682,103.492175,105.169487,5712500.000000
2025-03-25,105.265873,106.133450,104.861006,105.853897,4518400.000000
2025-03-26,106.037061,107.164908,105.458679,105.979225,4182900.000000
2025-03-27,106.017788,106.538327,105.227330,105.690033,2805200.000000
2025-03-28,105.776792,107.169733,105.593635,106.943199,3031200.000000
2025-03-31,106.943194,108.186721,105.940661,107.309502,3077200.000000
2025-04-01,107.386624,108.755464,106.702204,108.678345,3140600.000000
2025-04-02,108.268660,109.917054,107.830051,109.767639,3048400.000000
2025-04-03,106.605806,108.601237,106.422656,106.567253,4792100.000000
2025-04-04,103.048750,103.145146,94.720021,96.406975,10622600.000000
2025-04-07,94.546507,101.313596,93.317439,96.455170,7631500.000000
2025-04-08,101.217200,101.776306,94.989933,96.406975,6351800.000000
2025-04-09,94.459750,100.465307,91.914861,100.060440,8978600.000000
2025-04-10,97.843292,98.416857,93.929562,95.963547,4360100.000000
2025-04-11,96.329843,100.433473,95.915334,99.694107,4418600.000000
2025-04-14,102.075137,102.296854,98.826545,99.212135,2820700.000000
2025-04-15,99.414561,101.207552,99.009694,100.474937,2291200.000000
2025-04-16,100.282142,102.518560,100.282142,100.976204,3219600.000000
2025-04-17,102.441448,103.434346,101.882349,102.634247,3595900.000000
2025-04-21,102.566758,102.566758,97.573376,98.556625,3116300.000000
2025-04-22,100.185735,100.667722,98.354185,99.298882,2556200.000000
2025-04-23,99.298900,102.132976,97.706415,101.236481,3538000.000000
2025-04-24,101.168990,101.559405,100.065244,100.638809,2447600.000000
2025-04-25,99.443499,101.641357,99.308536,101.506401,1986300.000000
2025-04-28,101.670259,103.472885,101.607599,103.251175,2878900.000000
2025-04-29,102.499277,104.109110,101.747379,103.598206,3130200.000000
2025-04-30,100.744839,102.113679,98.209585,100.156815,6136500.000000
2025-05-01,97.583027,101.766668,97.583027,99.703766,3977100.000000
2025-05-02,101.549769,102.345044,99.607363,102.065491,2828000.000000
2025-05-05,101.593150,104.928497,101.511213,104.446510,3301500.000000
2025-05-06,104.909225,106.152752,103.954886,104.600754,2782400.000000
2025-05-07,105.140559,106.894990,104.403120,106.335884,2500800.000000
2025-05-08,107.213102,107.680630,104.807986,104.889923,3434800.000000
2025-05-09,106.403368,108.976218,105.752690,108.331314,2943600.000000
2025-05-12,109.247107,109.555578,105.169496,106.923927,4011300.000000
2025-05-13,108.736195,109.931520,107.921637,109.025383,3263700.000000
2025-05-14,108.196370,109.478456,107.434830,109.227821,2465200.000000
2025-05-15,108.709456,110.879774,108.709456,110.540657,2685000.000000
2025-05-16,111.325467,111.325467,109.755863,110.472839,1919300.000000
2025-05-19,110.472840,110.773201,108.864486,109.949646,2617200.000000
2025-05-20,110.443773,112.333113,109.804309,111.344841,2715600.000000
2025-05-21,111.344839,112.836930,110.986354,111.141373,2465600.000000
2025-05-22,111.121992,111.863192,110.065898,110.831322,3273800.000000
2025-05-23,111.054177,112.575334,110.443771,112.352486,1820500.000000
2025-05-27,113.437641,113.970526,111.722702,113.631416,1883000.000000
2025-05-28,113.999603,113.999603,111.441726,111.790527,1899100.000000
2025-05-29,112.226527,112.400927,111.373899,112.081192,1457700.000000
2025-05-30,112.265291,112.924136,111.180131,112.517197,5078500.000000
2025-06-02,114.677826,115.695163,113.650805,115.588585,2593000.000000
2025-06-03,115.685466,116.305555,114.324177,114.542175,2659400.000000
2025-06-04,114.464671,114.687519,112.410621,112.585022,2146600.000000
2025-06-05,112.730342,113.098525,111.230504,111.974609,1691600.000000
2025-06-06,112.468747,114.111015,112.187768,113.699234,1536700.000000
2025-06-09,112.875686,113.011330,111.034793,111.364220,2490600.000000
2025-06-10,112.052138,112.585023,107.837468,109.067955,3332100.000000
2025-06-11,109.823677,110.191860,108.302520,108.738525,2771700.000000
2025-06-12,108.709460,111.432046,108.486619,111.383598,2613200.000000
2025-06-13,111.674257,113.176032,108.166872,112.836922,2314400.000000
2025-06-16,113.437643,116.247426,113.069460,114.920044,2617300.000000
2025-06-17,115.501377,116.247427,114.212752,115.869553,2957700.000000
2025-06-18,116.295871,117.332583,114.619696,117.012848,3101800.000000
2025-06-20,117.594183,119.507740,117.138804,118.253029,5906900.000000
2025-06-23,118.117380,119.309111,116.935333,117.671684,3080900.000000
2025-06-24,117.226002,119.454452,116.809379,118.718094,4037800.000000
2025-06-25,118.398359,118.398359,115.036317,115.375427,2714700.000000
2025-06-26,115.394795,115.612794,113.999599,114.978172,2737100.000000
2025-06-27,114.987867,115.724226,114.295107,115.259155,5158300.000000
2025-06-30,113.989905,114.958795,112.730345,113.301994,2600200.000000
2025-07-01,112.817553,113.021019,107.449902,107.730881,3997800.000000
2025-07-02,108.661022,108.903244,105.730128,106.907326,3481000.000000
2025-07-03,107.953719,107.953719,104.581986,105.357094,1807000.000000
2025-07-07,104.882336,106.645715,104.417265,105.512115,3064000.000000
2025-07-08,105.676835,106.296924,102.401989,103.070518,4017900.000000
2025-07-09,102.276024,103.443538,99.942940,101.927223,3383000.000000
2025-07-10,101.675317,102.460116,100.168693,101.927223,2646300.000000
2025-07-11,102.411666,103.370873,101.961136,102.285713,2660300.000000
2025-07-14,102.702339,106.946075,102.285716,106.170967,4288600.000000
2025-07-15,106.209726,106.258166,102.954255,104.165367,3389800.000000
2025-07-16,104.659489,105.618695,103.864999,104.940468,3516000.000000
2025-07-17,104.882341,105.163320,102.934870,104.785454,3206900.000000
2025-07-18,106.074080,106.093454,104.446344,105.260208,2257000.000000
2025-07-21,104.184742,104.184742,95.513179,96.317360,6034700.000000
2025-07-22,96.530506,98.226063,95.532550,96.511131,4293900.000000
2025-07-23,95.532545,95.726328,92.645257,95.629433,4969700.000000
2025-07-24,96.278594,97.804592,95.774767,96.501434,3900700.000000
2025-07-25,96.888991,97.569155,94.592720,95.115921,2399200.000000
2025-07-28,95.251579,95.387223,93.798244,95.077179,3302600.000000
2025-07-29,95.736019,96.898692,95.241891,96.278603,4111300.000000
2025-07-30,96.888999,102.188829,96.685533,100.968025,7646000.000000
2025-07-31,100.643450,102.595763,100.192920,101.520294,4115900.000000
2025-08-01,101.026157,101.142426,98.274513,98.797714,2661600.000000
2025-08-04,99.194952,99.486590,96.869622,98.080734,3675500.000000
2025-08-05,98.768655,98.768655,96.453008,97.896652,2844400.000000
2025-08-06,98.439223,99.301535,97.458706,98.487671,2591200.000000
2025-08-07,98.487668,99.534071,96.792111,96.898689,2357800.000000
2025-08-08,96.889002,97.809444,94.980287,96.055756,2532600.000000
2025-08-11,95.968554,96.888997,94.612107,94.912460,2459800.000000
2025-08-12,94.738054,95.164368,92.771209,92.906853,2858100.000000
2025-08-13,94.224553,94.403796,92.151129,93.459129,4754300.000000
2025-08-14,93.464049,95.766212,92.972133,93.454208,3627200.000000
2025-08-15,93.454198,94.516739,91.043813,93.591934,6683900.000000
2025-08-18,92.539240,92.903261,90.325618,91.525894,4488800.000000
2025-08-19,90.601100,91.614454,89.543484,91.545586,3123100.000000
2025-08-20,91.358649,92.878668,91.250427,92.480217,2386800.000000
2025-08-21,92.480215,93.926450,92.263771,93.906769,2467600.000000
2025-08-22,94.123212,94.192080,92.608110,93.129547,3435800.000000
2025-08-25,93.129541,93.798540,92.667139,93.090187,2245700.000000
2025-08-26,93.031166,94.988997,92.012903,94.723358,3995200.000000
2025-08-27,94.723352,95.628476,93.705090,93.759201,2547900.000000
2025-08-28,93.562431,95.953144,92.736016,95.667831,2303600.000000
2025-08-29,95.303812,95.756374,94.634806,95.215263,1493900.000000
2025-09-02,94.408517,96.671334,94.211754,96.622139,3080600.000000
2025-09-03,96.725455,97.207531,94.408527,95.510422,2610200.000000
2025-09-04,95.559601,96.228607,93.582104,95.097206,2383400.000000
2025-09-05,94.310145,95.190671,92.932778,93.965805,2375600.000000
2025-09-08,95.185747,95.864594,92.499882,92.991798,2562400.000000
2025-09-09,93.021328,94.546263,92.972133,93.198418,1884500.000000
2025-09-10,92.745843,95.431708,92.726170,94.910278,3001800.000000
2025-09-11,94.428202,95.456305,93.690328,94.290459,2326700.000000
2025-09-12,94.880766,95.982653,94.241274,94.664322,1692900.000000
2025-09-15,94.861076,95.903943,93.877244,94.034660,3775900.000000
2025-09-16,94.388849,96.356514,93.154135,95.943298,3856100.000000
2025-09-17,96.115475,98.698034,95.943301,98.068382,3647200.000000
2025-09-18,98.629165,99.367039,96.489327,97.291153,3880500.000000
2025-09-19,97.222281,97.478080,95.815401,96.907455,11903400.000000
2025-09-22,96.336834,96.996000,94.565941,96.671341,3760900.000000
2025-09-23,96.858265,99.701539,96.720529,99.091568,3521700.000000
2025-09-24,99.367037,102.918671,99.367037,101.433083,3482200.000000
2025-09-25,101.757753,103.125279,101.265837,102.692390,3959300.000000
2025-09-26,103.233498,104.512483,102.869478,104.059914,4402400.000000
2025-09-29,103.735254,106.253862,103.454859,105.083099,4969300.000000
2025-09-30,104.876496,106.608043,104.463288,104.522316,4156200.000000
2025-10-01,103.361389,108.575702,103.361389,107.414780,5251500.000000
2025-10-02,107.158979,108.310061,105.515981,106.116119,6168400.000000
2025-10-03,106.263703,106.745779,104.945364,105.702919,3046000.000000
2025-10-06,107.021255,108.221531,105.486479,105.988235,3345500.000000
2025-10-07,105.594705,107.577126,105.294636,107.247543,3228600.000000
2025-10-08,107.946061,108.152665,105.447126,106.922874,2385200.000000
2025-10-09,107.582035,107.827993,103.411572,104.266525,1917400.000000
2025-10-10,103.676224,104.709251,100.055722,100.109833,2149900.000000
2025-10-13,100.901812,101.403568,99.711376,101.019875,1733100.000000
2025-10-14,99.062056,101.688886,97.114065,99.721222,2969500.000000
2025-10-15,100.173781,102.367730,99.937664,101.501953,2696000.000000
2025-10-16,101.659364,102.382481,95.992489,96.995995,3172200.000000
2025-10-17,97.310835,99.337527,96.258128,99.150597,2306600.000000
2025-10-20,101.334700,105.801298,100.783756,105.171646,3659100.000000
2025-10-21,105.024075,106.765454,103.813958,104.384583,2281800.000000
2025-10-22,105.722597,105.722597,101.246165,102.702232,2904600.000000
2025-10-23,104.532156,105.722591,101.219596,102.771095,3048900.000000
2025-10-24,104.168133,104.404258,101.172366,102.092247,2218000.000000
2025-10-27,103.026893,103.194142,100.921493,102.200470,3433000.000000
2025-10-28,102.200468,102.220149,99.150591,99.367035,3350900.000000
2025-10-29,101.688885,102.067662,97.064877,98.786583,5557500.000000
2025-10-30,98.786584,100.331200,97.320668,98.894798,2808000.000000
2025-10-31,100.262335,102.343138,100.036051,101.639694,3227000.000000
2025-11-03,102.052907,108.565871,101.364220,108.300240,6272000.000000
2025-11-04,107.690249,109.962899,106.391591,108.270714,3559600.000000
2025-11-05,107.650895,110.625022,106.981889,108.270714,2707700.000000
2025-11-06,109.087296,110.809002,107.336076,108.831505,2395500.000000
2025-11-07,108.034596,111.094315,107.237695,110.631912,2310400.000000
2025-11-10,111.428826,113.376809,110.056376,112.973442,2703500.000000
2025-11-11,113.406316,116.977631,112.943921,116.721832,3780300.000000
2025-11-12,117.076018,118.355003,115.669138,117.528580,4077600.000000
2025-11-13,117.839986,118.630861,116.258243,116.614136,3111100.000000
2025-11-14,115.358630,116.421362,111.483349,115.941895,3800800.000000
2025-11-17,115.803488,116.604244,113.865851,115.645317,3362100.000000
2025-11-18,114.330491,116.366985,112.976120,115.823265,2879400.000000
2025-11-19,115.823261,116.347213,114.112996,115.931999,2554100.000000
2025-11-20,116.337321,119.807276,113.060142,113.193604,3671900.000000
2025-11-21,113.302355,114.765465,111.160080,113.678017,3184100.000000
2025-11-24,113.678016,116.103032,110.583731,115.220222,7933900.000000
2025-11-25,113.974600,115.210338,113.193612,114.686386,2564500.000000
2025-11-26,115.576115,118.339224,115.155961,117.414886,2268900.000000
2025-11-28,118.294744,121.300053,117.968507,120.538841,1378700.000000
2025-12-01,121.097394,121.300049,118.818693,120.192833,4055700.000000
2025-12-02,119.866592,120.143396,116.297780,116.376869,3405800.000000
2025-12-03,117.009563,121.774569,116.495492,121.487877,2291800.000000
2025-12-04,121.586739,123.465063,120.222487,120.697006,3180800.000000
2025-12-05,122.357842,125.176319,121.398916,121.458229,3725100.000000
2025-12-08,120.647579,121.003472,116.821731,117.711464,5403500.000000
2025-12-09,117.711466,118.215649,115.862799,116.119835,3297300.000000
2025-12-10,116.624022,116.624022,113.905398,115.358627,3222500.000000
2025-12-11,114.192080,115.052149,112.032005,113.025543,3187800.000000
2025-12-12,113.005775,113.658248,110.128980,111.503120,2274900.000000
2025-12-15,111.483338,111.483338,107.598177,109.278786,3324600.000000
2025-12-16,108.003510,108.003510,104.785651,105.363976,4125200.000000
2025-12-17,106.342675,108.576891,105.868148,108.290199,3659400.000000
2025-12-18,108.339625,109.278791,106.401989,106.510735,3840800.000000
2025-12-19,106.955608,108.458263,106.026331,107.499329,5569700.000000
2025-12-22,107.825558,108.309965,106.258643,106.609589,2944700.000000
2025-12-23,107.469672,110.237728,107.237353,109.901604,2412600.000000
2025-12-24,108.398942,109.367757,107.874991,107.924416,1146500.000000
2025-12-26,108.408835,108.646094,107.395528,108.240768,1184600.000000
2025-12-29,108.863590,110.820995,108.428608,110.504646,1866500.000000
2025-12-30,111.562437,112.125933,110.722137,110.741905,1692300.000000
2025-12-31,110.257487,110.575811,108.102359,109.100838,1689300.000000
2026-01-02,108.725181,109.066238,106.995148,108.517570,2541900.000000
2026-01-05,107.034688,107.054464,101.706186,105.601234,4489900.000000
2026-01-06,104.484132,105.294776,103.100104,104.227097,2613300.000000
2026-01-07,104.227092,107.054462,103.950288,105.443062,2713800.000000
2026-01-08,104.938876,106.103437,101.567779,103.109985,3643400.000000
2026-01-09,102.595915,103.871197,99.887179,100.470444,4832700.000000
2026-01-12,101.231667,102.754097,100.440791,101.666641,3474200.000000
2026-01-13,102.675011,103.955234,101.127864,101.805054,3280200.000000
2026-01-14,100.855999,101.271213,99.323689,100.302391,4200000.000000
2026-01-15,100.075010,100.776908,98.137366,98.384514,3402300.000000
2026-01-16,97.623305,99.363227,97.475015,98.740410,3172900.000000
2026-01-20,104.632415,105.680326,101.963224,103.554855,5645300.000000
2026-01-21,106.105417,110.415672,106.016440,108.250656,5994100.000000
2026-01-22,108.744952,109.654453,106.678801,108.240768,2852600.000000
2026-01-23,110.079547,110.445328,107.202753,108.240768,2565300.000000
2026-01-26,110.237725,112.926693,107.756361,111.078026,3999800.000000
2026-01-27,111.038482,111.414143,105.986784,107.578415,3451900.000000
2026-01-28,107.578416,109.031646,106.570057,108.408836,2377300.000000
2026-01-29,110.040004,110.509590,107.805795,108.646095,2698400.000000
2026-01-30,109.496281,112.887146,109.249133,111.127457,3273600.000000
2026-02-02,107.400472,108.062826,105.443067,105.719872,3541700.000000
2026-02-03,105.561685,107.341151,104.504882,107.262062,2203400.000000
2026-02-04,108.853692,109.367756,106.159785,107.944191,2259600.000000
2026-02-05,107.667388,109.249131,106.431650,108.122139,2036100.000000
2026-02-06,108.705407,110.998937,108.245716,109.110733,1737500.000000
2026-02-09,103.317587,105.284880,99.422538,102.062073,6714100.000000
2026-02-10,102.754096,103.307704,100.421022,101.043831,4620900.000000
2026-02-11,102.052193,103.782227,101.607323,102.249908,4100800.000000
2026-02-12,102.556369,103.006179,100.272727,102.259796,4375700.000000
2026-02-13,101.557900,104.034316,100.836225,102.862839,3753400.000000
2026-02-17,102.338879,103.085269,99.649919,101.577667,4703900.000000
2026-02-18,102.981461,103.732792,97.227865,98.384514,8271900.000000
2026-02-19,100.312273,102.714548,99.086423,102.665115,6862600.000000
2026-02-20,103.184134,107.944199,102.398206,106.827087,5913200.000000
2026-02-23,106.767767,108.448368,101.004283,102.002762,5544500.000000
2026-02-24,101.706182,102.101619,99.699344,102.002762,3122700.000000
2026-02-25,103.436215,105.190965,101.834703,104.840019,3139400.000000
2026-02-26,103.633937,106.075757,103.505415,105.077278,2921600.000000
2026-02-27,106.075761,108.517573,105.532034,106.688683,4303400.000000
2026-03-02,109.525935,110.099320,105.423284,107.252174,2830500.000000
2026-03-03,109.545706,109.545706,105.195914,106.757881,2855700.000000
2026-03-04,105.522140,106.204269,103.717965,104.671951,3738400.000000
2026-03-05,104.826030,106.853767,104.761418,106.028755,3230200.000000
2026-03-06,107.301059,108.076376,105.412487,106.197731,2683400.000000
2026-03-09,107.241419,108.503788,106.068512,107.221542,4254700.000000
2026-03-10,106.456172,107.027720,103.732645,104.040779,3364200.000000
2026-03-11,104.547714,108.742347,103.285352,107.927277,3587800.000000
2026-03-12,108.265229,108.444148,106.143069,107.181786,3880000.000000
2026-03-13,107.082386,109.149877,106.058572,106.376648,2705900.000000
2026-03-16,106.466108,109.239337,105.720617,107.062500,3954500.000000
2026-03-17,108.106189,108.841739,105.660979,105.760376,2697400.000000
2026-03-18,105.690802,105.988994,103.012003,104.885666,4231700.000000
2026-03-19,106.093364,111.108034,105.844866,107.301056,9119300.000000
2026-03-20,107.539623,108.285115,105.591407,106.674850,9769000.000000
2026-03-23,103.815140,108.136008,103.643176,106.992920,6894200.000000
2026-03-24,107.484949,111.813765,107.484949,109.030602,5746300.000000
2026-03-25,109.825788,113.414087,109.139941,113.235168,3623800.000000
2026-03-26,112.797823,114.119823,110.094173,110.382431,5171900.000000
2026-03-27,110.720379,113.776891,110.720379,112.817696,3224600.000000
2026-03-30,113.493606,113.801740,109.805910,110.780014,2951800.000000
2026-03-31,111.734251,112.797818,107.887513,109.120056,3720500.000000
2026-04-01,107.693687,108.931198,105.054649,105.392601,3313500.000000
2026-04-02,106.187793,106.495927,102.927512,103.265465,3155700.000000
2026-04-06,102.102501,103.871799,102.102501,102.927513,3306400.000000
2026-04-07,103.007031,104.080540,100.989235,101.317253,3689000.000000
2026-04-08,99.150358,99.781543,96.953644,99.587715,4345500.000000
2026-04-09,98.732879,100.222869,97.599733,98.901855,3132300.000000
2026-04-10,97.023219,99.154328,96.705143,98.394920,2896000.000000
2026-04-13,98.941614,99.478369,96.675321,97.192192,2971400.000000
2026-04-14,96.585860,96.963581,94.826504,95.114761,3901800.000000
2026-04-15,94.776806,96.148515,94.369275,95.472603,3052500.000000
2026-04-16,95.472597,97.251829,95.353315,96.774719,2590200.000000
2026-04-17,94.637647,96.113720,94.399092,95.243980,4896400.000000
2026-04-20,95.870192,96.764783,94.389151,94.896088,2711800.000000
2026-04-21,95.124698,95.631634,93.186423,93.693359,4609800.000000
2026-04-22,95.025298,95.944740,94.319567,95.780731,3821400.000000
2026-04-23,96.377128,97.400935,94.925906,95.721100,2570600.000000
2026-04-24,95.333440,96.019287,94.240046,95.860252,2049600.000000
2026-04-27,96.317491,98.176245,95.482537,95.721100,3259800.000000
2026-04-28,96.774726,97.579854,95.830439,96.377129,2682900.000000
2026-04-29,98.534077,100.686063,97.609668,100.382896,5128000.000000
2026-04-30,98.732880,102.346022,98.444622,101.535927,3762500.000000
2026-05-01,101.009118,101.133366,98.156368,99.518135,2686000.000000
2026-05-04,99.577773,101.217856,98.901861,100.164223,2393200.000000
2026-05-05,99.060896,99.925661,98.166305,99.160294,2278900.000000
2026-05-06,96.665381,98.166306,95.939766,96.347305,3438500.000000
2026-05-07,95.194276,97.162376,94.468668,96.834358,3046400.000000
2026-05-08,97.092796,97.589790,95.323498,95.363258,2173800.000000
2026-05-11,96.536164,96.794595,95.939765,96.118683,2111800.000000
2026-05-12,96.700175,96.829391,94.319568,95.850311,2762100.000000
2026-05-13,95.850314,95.850314,94.061132,95.075005,2033500.000000
2026-05-14,94.470001,97.279999,94.470001,96.699997,2059900.000000
2026-05-15,97.349998,97.820000,96.500000,96.690002,2262600.000000
2026-05-18,97.000000,98.815002,96.300003,98.449997,2192300.000000
2026-05-19,99.120003,100.949997,98.680000,100.889999,3115000.000000
2026-05-20,100.629997,100.885002,98.120003,98.849998,3760300.000000
2026-05-21,99.708000,99.708000,97.260002,97.589996,2243700.000000
2026-05-22,97.300003,98.059998,96.400002,97.940002,1467700.000000
2026-05-26,96.699997,97.190002,94.324997,94.550003,3468400.000000
2026-05-27,93.940002,94.599998,92.540001,92.639999,3043200.000000
2026-05-28,93.000000,93.830002,92.050003,93.589996,3416400.000000
2026-05-29,93.830002,94.099998,92.389999,92.980003,5793400.000000
2026-06-01,92.989998,93.407997,91.790001,92.089996,3265300.000000
2026-06-02,91.690002,92.555000,91.345001,91.540001,3212200.000000
2026-06-03,92.000000,92.449997,90.790001,91.070000,4215600.000000
2026-06-04,91.349998,93.739998,91.349998,93.400002,2554100.000000
