Date,open,high,low,close,volume
2023-05-04,22.596739,23.880140,22.348909,23.809332,77004200
2023-05-05,23.596908,23.924398,23.198610,23.455292,11292000
2023-05-08,23.304821,23.765076,22.933076,23.464140,6308300
2023-05-09,23.464139,23.756223,23.074692,23.260565,4684000
2023-05-10,23.260564,23.694266,23.021586,23.234011,9602400
2023-05-11,23.039287,23.304818,23.012733,23.012733,5687300
2023-05-12,23.030442,23.561505,22.924228,23.455292,5433800
2023-05-15,23.455290,24.601501,23.455290,24.340395,7083200
2023-05-16,24.375800,24.579374,23.888991,23.924397,3818400
2023-05-17,24.163372,24.517415,23.543799,24.092564,3392200
2023-05-18,24.092564,24.207629,23.632311,23.933247,2648100
2023-05-19,23.933247,24.127085,23.623460,24.101416,1794300
2023-05-22,24.189925,24.278435,22.977330,23.074692,7509400
2023-05-23,23.021585,23.242861,22.844563,23.012733,2485000
2023-05-24,23.021587,23.499543,22.888821,23.411034,1953600
2023-05-25,23.455289,23.579203,22.924225,23.304821,2139400
2023-05-26,23.393332,23.393332,23.189758,23.278267,844100
2023-05-30,23.260569,23.455291,22.242696,22.773760,6340200
2023-05-31,22.676397,22.676397,22.118780,22.207291,6347800
2023-06-01,22.393162,22.694098,21.906355,22.375462,6072700
2023-06-02,22.357761,22.747208,22.101080,22.614441,2329400
2023-06-05,22.640992,22.809163,21.977164,22.260397,4737300
2023-06-06,22.127633,22.472824,22.039122,22.278101,1315000
2023-06-07,22.216143,22.353333,22.047973,22.198441,1626600
2023-06-08,22.118779,22.269247,21.959460,22.224993,2711800
2023-06-09,22.171886,22.269248,21.994866,22.216143,1874000
2023-06-12,22.136483,22.304653,21.906355,22.145334,2619800
2023-06-13,22.118779,22.322353,22.092225,22.242693,2039800
2023-06-14,22.242695,22.561333,22.233845,22.428568,2412000
2023-06-15,22.481673,22.968482,22.286950,22.791460,1442900
2023-06-16,22.879969,23.242862,22.747204,23.234011,2333000
2023-06-20,22.968481,23.349075,22.959630,23.065842,1487500
2023-06-21,23.180907,23.632311,22.809163,23.189758,3605900
2023-06-22,23.189759,23.543800,23.188872,23.499544,1130700
2023-06-23,23.499545,23.667715,23.251716,23.437588,2793400
2023-06-26,23.534949,23.543800,23.030439,23.145502,2507300
2023-06-27,23.030439,23.074694,22.295802,22.915375,2904600
2023-06-28,22.924225,23.030439,22.720651,22.835714,1807900
2023-06-29,22.782609,23.207459,22.756055,23.003885,1353900
2023-06-30,23.048140,23.596905,22.986182,23.384480,3936600
2023-07-03,23.287117,23.543798,22.835713,23.048140,7558600
2023-07-05,22.933079,23.234015,22.676399,22.747208,1990700
2023-07-06,22.614437,22.840139,22.463969,22.676395,4856900
2023-07-07,22.676397,22.702949,22.313502,22.322353,1793700
2023-07-10,22.402015,22.592313,22.216144,22.348909,2121200
2023-07-11,22.552482,22.614439,22.132057,22.198441,1942600
2023-07-12,22.366612,22.455123,22.092228,22.348909,2320900
2023-07-13,22.499377,22.570185,22.021419,22.481674,2477900
2023-07-14,22.596740,22.667548,21.879803,22.074528,3830200
2023-07-17,22.039121,22.180738,21.897504,22.030270,1709200
2023-07-18,21.906353,22.154184,21.901929,21.959459,1713500
2023-07-19,22.021421,22.163039,21.685081,22.127634,2870800
2023-07-20,21.198275,21.787754,19.906020,21.693933,36675600
2023-07-21,21.817848,22.021422,21.047807,21.251381,14587900
2023-07-24,20.507886,21.605416,20.463632,21.384140,22641600
2023-07-25,21.543460,22.233843,21.375290,22.233843,15018100
2023-07-26,22.207290,22.331205,21.494780,21.853249,10716400
2023-07-27,22.083376,22.127631,21.207120,21.454950,11476200
2023-07-28,21.446101,21.623123,21.286782,21.596569,13214600
2023-07-31,21.251374,21.313331,20.795546,20.959290,14630700
2023-08-01,20.808827,21.038955,20.693762,20.932741,14685500
2023-08-02,20.844227,21.171717,20.684910,21.154015,16233200
2023-08-03,21.269076,21.627543,21.021246,21.233671,16111000
2023-08-04,21.260228,21.260228,20.596399,20.826527,20999100
2023-08-07,20.950444,20.955755,20.640656,20.835381,15379100
2023-08-08,20.844228,20.844228,20.543292,20.693760,20150600
2023-08-09,20.622953,20.746869,20.410528,20.667210,40849100
2023-08-10,21.021249,21.145163,20.454782,20.684910,51365500
2023-08-11,20.622950,21.065502,20.578695,20.994694,46063200
2023-08-14,20.888485,20.976996,20.224656,20.304316,89481200
2023-08-15,20.286615,21.038955,20.038785,20.587551,105996500
2023-08-16,20.791122,20.844228,20.189250,20.295464,86179200
2023-08-17,20.463633,20.614101,19.959121,20.162697,71709300
2023-08-18,20.322015,20.357420,19.790953,20.242357,93537500
2023-08-21,20.507888,20.968143,20.189250,20.268909,178017500
2023-08-22,20.569843,21.083204,20.463632,21.012396,90542700
2023-08-23,21.109759,21.286779,20.906185,20.906185,119406800
2023-08-24,21.207118,21.331034,20.481332,20.941587,372341300
2023-08-25,20.709501,20.789840,20.370293,20.504190,86974600
2023-08-28,20.459559,20.709501,20.182837,20.504190,39395000
2023-08-29,20.289953,20.642550,20.147129,20.405998,59445800
2023-08-30,20.388145,20.655940,20.218541,20.593454,36094000
2023-08-31,20.611308,20.825544,20.539896,20.575602,36119700
2023-09-01,20.709500,20.825544,20.414925,20.495262,27566400
2023-09-05,20.459560,20.513118,20.164985,20.182838,28465000
2023-09-06,20.227469,20.272100,19.906114,19.977526,24727700
2023-09-07,20.031086,20.156057,18.709962,18.736742,102648300
2023-09-08,18.620699,19.129510,18.187763,19.013464,59635700
2023-09-11,19.754364,19.798998,19.281260,19.700806,42830600
2023-09-12,19.709731,19.745438,18.754595,18.799227,43697200
2023-09-13,18.826007,19.557981,18.817081,19.281260,35434500
2023-09-14,19.486572,19.486572,19.187534,19.406233,22195700
2023-09-15,19.388378,19.522277,18.924201,18.942053,32265200
2023-09-18,19.058101,19.058101,18.593922,18.817085,18035300
2023-09-19,18.665329,18.834934,18.468947,18.799227,21142800
2023-09-20,18.968833,19.102730,18.638551,18.647478,15623200
2023-09-21,18.674260,18.977762,18.486802,18.602848,20599600
2023-09-22,18.701037,18.767985,18.299343,18.343975,14865900
2023-09-25,18.308270,18.611771,18.272563,18.593918,16272000
2023-09-26,18.379681,18.611770,18.281489,18.424313,23574200
2023-09-27,18.486799,18.567138,17.888725,18.049400,25270500
2023-09-28,17.960135,18.102959,17.808384,17.951208,32556800
2023-09-29,18.094035,18.143131,17.870872,17.924431,27974900
2023-10-02,18.067254,18.281490,17.973526,18.138666,25296300
2023-10-03,18.201151,18.379682,17.772679,17.844091,24924500
2023-10-04,17.781604,17.844089,17.451322,17.612000,19610400
2023-10-05,17.683412,17.768215,17.478103,17.638781,18014900
2023-10-06,17.558444,18.085109,17.308502,17.915504,25090300
2023-10-09,17.736975,17.964600,17.558444,17.736975,16032800
2023-10-10,17.781605,17.924429,17.522736,17.576296,13937900
2023-10-11,17.701265,17.745897,17.281719,17.469175,20414700
2023-10-12,17.495956,17.603074,17.170139,17.246014,14461500
2023-10-13,17.299574,17.397767,17.183531,17.290649,16410700
2023-10-16,17.290647,17.603074,17.045167,17.442398,15272000
2023-10-17,17.219238,17.763754,16.969296,17.656637,18750100
2023-10-18,17.665564,17.924431,17.576298,17.906578,18294200
2023-10-19,17.897650,18.039581,17.692340,17.710194,18831500
2023-10-20,17.736975,17.879799,17.603076,17.620930,24057700
2023-10-23,17.424545,17.678951,17.339743,17.567369,19716500
2023-10-24,17.567369,17.855695,17.540588,17.835163,21650900
2023-10-25,17.853016,17.959241,17.603073,17.612000,24711200
2023-10-26,16.826469,17.076410,16.514041,16.683645,60514900
2023-10-27,16.607768,16.701496,16.143589,16.255171,43215400
2023-10-30,16.371221,16.848789,15.907042,16.639015,39398800
2023-10-31,16.790764,16.853249,16.514042,16.603308,81622600
2023-11-01,16.585454,16.871102,16.429241,16.853249,20218100
2023-11-02,16.960369,17.179069,16.763986,17.165678,15439000
2023-11-03,17.397767,17.594149,17.228162,17.290649,16874300
2023-11-06,17.370981,17.442395,17.174599,17.272791,13242000
2023-11-07,17.335933,17.687704,17.305268,17.678684,12172600
2023-11-08,17.642604,17.773390,17.236717,17.281815,13552100
2023-11-09,17.390053,17.408092,17.173580,17.335934,10423400
2023-11-10,17.362991,17.421619,17.218675,17.272793,14475400
2023-11-13,17.272793,17.308873,17.132989,17.227695,14283900
2023-11-14,17.353975,17.678686,17.245739,17.507311,16003900
2023-11-15,17.669664,17.832020,17.579467,17.678684,16026300
2023-11-16,17.642604,17.714762,17.561427,17.687704,12665000
2023-11-17,17.642604,17.868097,17.570446,17.750841,12840900
2023-11-20,17.777900,17.931236,17.552407,17.813980,18248800
2023-11-21,17.804960,18.075553,17.786920,17.949276,17662900
2023-11-22,18.039472,18.319084,18.012412,18.075552,21322700
2023-11-24,18.147709,18.485949,18.147709,18.264965,12663700
2023-11-27,18.210850,18.283008,18.048494,18.183790,32839900
2023-11-28,18.174770,18.264968,18.111632,18.183790,19154500
2023-11-29,18.246927,18.364185,18.093592,18.111631,13457500
2023-11-30,18.237905,18.454378,18.075551,18.436340,47302700
2023-12-01,18.319084,18.752032,18.319084,18.661835,17798700
2023-12-04,18.598700,18.806153,18.490462,18.598700,22516200
2023-12-05,18.571635,18.625753,18.183786,18.192806,19199000
2023-12-06,18.237907,18.264967,17.335934,17.489269,37456400
2023-12-07,17.669666,19.291415,17.588488,18.770073,60070800
2023-12-08,18.833207,18.941445,18.580656,18.589676,24536000
2023-12-11,18.490458,18.688892,18.310063,18.571636,18094900
2023-12-12,18.634774,18.860268,18.373203,18.715952,17755000
2023-12-13,18.797134,18.977530,18.503992,18.977530,19393500
2023-12-14,19.058703,19.175961,18.788112,18.995565,19302400
2023-12-15,18.824191,18.995564,18.743013,18.932426,38178500
2023-12-18,19.031648,19.058706,18.833212,18.950470,16832900
2023-12-19,20.068914,20.118523,19.153411,19.365374,50883800
2023-12-20,19.293210,19.554783,18.846734,18.896343,24956700
2023-12-21,18.986544,19.157919,18.869288,19.139879,14647200
2023-12-22,19.166941,19.320277,19.130862,19.266159,9577700
2023-12-26,19.166940,19.297727,19.063214,19.203020,8128600
2023-12-27,19.184979,19.437531,19.175959,19.437531,10852400
2023-12-28,19.414982,19.527729,19.293216,19.365374,8146900
2023-12-29,19.311257,19.446553,19.239099,19.419495,9359200
2024-01-02,19.347334,19.712633,19.320275,19.455570,35216200
2024-01-03,19.320274,19.482630,19.108310,19.184978,18892500
2024-01-04,19.203021,19.288707,18.842230,18.851250,16729000
2024-01-05,18.941446,19.311255,18.886425,19.257137,24854100
2024-01-08,19.166940,19.527729,19.166940,19.509689,14321000
2024-01-09,19.410473,19.717144,19.410473,19.708124,18106300
2024-01-10,19.663022,19.753219,19.437528,19.635963,17925900
2024-01-11,19.563809,19.789303,19.356354,19.780283,16607600
2024-01-12,19.843420,19.879500,19.338315,19.401453,16986400
2024-01-16,19.329298,19.387927,19.013607,19.148903,12962400
2024-01-17,18.995564,19.162431,18.873798,18.923407,14488900
2024-01-18,18.842227,18.950465,18.697912,18.887327,9154600
2024-01-19,18.896348,18.896348,18.517519,18.679873,15841800
2024-01-22,18.508498,18.661834,18.292025,18.436340,20041600
2024-01-23,18.576145,18.923406,18.544577,18.860268,16013200
2024-01-24,18.824191,18.918898,18.409283,18.427322,12345100
2024-01-25,18.580656,18.752032,18.437242,18.715952,12613600
2024-01-26,18.842230,18.932428,18.752034,18.797132,14121400
2024-01-29,18.797134,19.040667,18.779094,18.977530,10817100
2024-01-30,18.896348,18.923406,18.682579,18.824190,10593500
2024-01-31,18.896349,18.905367,18.697914,18.724974,13225600
2024-02-01,18.743012,18.941446,18.526539,18.842228,11400600
2024-02-02,18.688891,18.869287,18.607713,18.788109,12678900
2024-02-05,18.715951,18.715951,18.267670,18.472418,12643400
2024-02-06,18.436340,18.715952,18.400261,18.580656,13267100
2024-02-07,18.706931,18.706931,18.409280,18.508497,26170300
2024-02-08,17.904175,18.080059,17.408088,17.435148,44119600
2024-02-09,17.317892,17.692211,17.209655,17.435148,24589600
2024-02-12,17.561421,17.714757,17.412596,17.669659,17750800
2024-02-13,17.678775,17.847361,17.396280,17.542084,16678500
2024-02-14,17.514746,17.646881,17.323378,17.396280,15853000
2024-02-15,17.414505,17.551196,17.314264,17.359827,18646500
2024-02-16,17.323377,17.405392,17.236806,17.359827,16387600
2024-02-20,17.305153,17.432731,17.177575,17.368942,15817600
2024-02-21,17.405390,17.619539,17.223134,17.587645,12660700
2024-02-22,17.551201,17.605877,17.268705,17.487411,11359000
2024-02-23,17.450955,17.610430,17.359827,17.478294,13774600
2024-02-26,17.441843,17.443666,17.168460,17.259588,17420200
2024-02-27,17.232251,17.286927,17.059107,17.241364,15954200
2024-02-28,17.250478,17.469184,17.049995,17.441845,16447700
2024-02-29,17.460068,17.555752,17.223136,17.314264,19298500
2024-03-01,17.150234,17.259588,17.031769,17.150234,14618600
2024-03-04,17.095557,17.387165,16.958865,17.277811,18745500
2024-03-05,17.232250,17.496521,17.159347,17.323378,19216100
2024-03-06,17.314265,18.006836,17.305152,17.842806,17447900
2024-03-07,17.943048,18.435137,17.920266,18.043287,22510900
2024-03-08,17.943047,18.344008,17.924821,18.243769,11932700
2024-03-11,18.280217,18.535375,18.243767,18.362232,12106400
2024-03-12,18.398684,18.580027,18.334895,18.353119,12156700
2024-03-13,18.407798,18.726743,18.407798,18.599165,23717400
2024-03-14,18.462477,18.562718,18.148086,18.289333,18494000
2024-03-15,18.043287,18.603724,18.043287,18.535378,68562300
2024-03-18,18.325782,18.571825,18.198202,18.407797,18907400
2024-03-19,18.535375,18.590051,18.316669,18.407797,18217300
2024-03-20,18.371346,18.603722,18.293888,18.599165,13173300
2024-03-21,18.608281,19.063920,18.608281,18.872551,18323600
2024-03-22,18.936339,19.018354,18.717632,18.772308,10408800
2024-03-25,18.872547,19.050248,18.740413,18.817871,11924700
2024-03-26,18.881659,19.155044,18.808757,19.073029,14484300
2024-03-27,19.145932,19.556005,19.118593,19.546894,13286700
2024-03-28,19.665361,19.665361,19.464881,19.556007,14405400
2024-04-01,19.537784,19.574234,19.237062,19.346415,10457500
2024-04-02,19.364639,19.410202,18.954564,18.972790,15495100
2024-04-03,18.909001,18.936340,18.435136,18.535378,15066200
2024-04-04,18.690295,18.754084,18.362235,18.380461,12183400
2024-04-05,18.334896,18.508038,18.271105,18.453362,11313100
2024-04-08,18.453361,18.462474,18.271105,18.280218,9262800
2024-04-09,18.307559,18.635619,18.216430,18.544491,10106700
2024-04-10,18.353118,18.489811,18.234653,18.444246,11808100
2024-04-11,18.189090,18.207316,17.633212,17.724340,25410000
2024-04-12,17.715229,17.806357,17.419063,17.432732,9414800
2024-04-15,17.587649,17.633214,17.323379,17.432732,13423300
2024-04-16,17.387166,17.469181,17.177573,17.414505,20306600
2024-04-17,17.614987,17.633212,17.359828,17.560310,10022900
2024-04-18,17.651439,17.870145,17.551197,17.842806,11215700
2024-04-19,17.760791,17.943047,17.665107,17.842806,9506100
2024-04-22,17.842806,17.961271,17.478295,17.842806,17453800
2024-04-23,17.861033,17.965830,17.555754,17.651440,19765100
2024-04-24,17.560312,17.633214,17.409950,17.432732,22713800
2024-04-25,17.514743,17.583090,17.305150,17.332489,14246300
2024-04-26,17.314264,17.387166,17.163902,17.186686,15454700
2024-04-29,17.177575,17.382613,17.109228,17.368942,13240500
2024-04-30,17.232249,17.368941,17.077332,17.150234,26872700
2024-05-01,17.214021,17.323375,16.986201,17.177570,12771100
2024-05-02,17.259588,17.551197,17.259588,17.423618,22724700
2024-05-03,17.396282,17.633214,17.382613,17.496523,15941000
2024-05-06,17.605873,17.660549,17.255031,17.387167,26549600
2024-05-07,17.912097,18.630422,17.912097,18.492283,30039600
2024-05-08,18.492284,19.044842,18.409400,18.833029,24428800
2024-05-09,18.888286,18.980379,18.754751,18.915915,14394600
2024-05-10,18.961960,18.984983,18.722518,18.915915,15019500
2024-05-13,18.694888,19.141540,18.575168,18.750145,20853100
2024-05-14,18.879076,19.293496,18.777773,18.998796,21289500
2024-05-15,18.602798,19.104705,18.529124,18.915915,97658200
2024-05-16,19.017212,19.288887,18.892887,18.971167,71519400
2024-05-17,19.081679,19.100098,18.768562,18.851446,31071000
2024-05-20,18.879072,18.925118,18.308094,18.326513,24636700
2024-05-21,18.354143,18.510702,18.114701,18.390980,27778900
2024-05-22,18.308094,18.538327,18.239025,18.308094,15202600
2024-05-23,18.289678,18.326514,17.847630,17.902887,16089700
2024-05-24,17.930514,18.004189,17.622003,17.820004,24363700
2024-05-28,17.691073,17.875260,17.589772,17.727911,16231100
2024-05-29,17.552934,17.663446,17.359539,17.377958,13001900
2024-05-30,17.377959,17.608192,17.350331,17.488470,17340100
2024-05-31,17.506887,17.810794,17.377958,17.773956,31659300
2024-06-03,17.626611,17.930518,17.608194,17.718704,15902600
2024-06-04,17.737121,17.737121,17.419401,17.635818,18523500
2024-06-05,17.562144,17.663447,17.331912,17.488470,20674500
2024-06-06,17.359539,17.479259,17.055632,17.156933,27907800
2024-06-07,17.202980,17.276654,16.917492,16.935909,17923400
2024-06-10,16.834611,16.954331,16.655028,16.843821,16438100
2024-06-11,16.770142,17.018794,16.659632,17.009584,23197400
2024-06-12,17.037215,17.129308,16.484656,16.539911,19717800
2024-06-13,16.576749,16.724098,16.422954,16.604378,14768100
2024-06-14,16.475445,16.650422,16.346515,16.641212,15356100
2024-06-17,16.539907,17.331908,16.539907,17.304281,20146700
2024-06-18,17.295076,17.391773,16.945121,17.055634,21747100
2024-06-20,17.175353,17.368749,17.083260,17.350330,24977100
2024-06-21,17.414795,17.488469,16.945120,17.064842,63084700
2024-06-24,17.331910,17.479259,17.207584,17.405584,19862800
2024-06-25,17.295072,17.377956,17.055630,17.175350,15046800
2024-06-26,17.037214,17.138517,16.816191,17.120098,16542100
2024-06-27,17.092469,17.147726,16.880655,16.963539,18657600
2024-06-28,16.972750,17.120099,16.613588,16.742517,57323300
2024-07-01,16.788560,16.940514,16.470840,16.530701,21089800
2024-07-02,16.585958,16.816190,16.567539,16.797771,14781800
2024-07-03,16.926701,16.958935,16.760935,16.862236,5859500
2024-07-05,16.834609,16.871446,16.705678,16.862236,12172600
2024-07-08,16.843818,16.843818,16.576748,16.806980,15968400
2024-07-09,16.816188,16.853025,16.553723,16.779350,12147200
2024-07-10,16.705679,16.797772,16.277446,16.300470,24692600
2024-07-11,16.364932,16.521490,16.272838,16.503071,35772200
2024-07-12,16.678050,16.954329,16.539909,16.889864,12523500
2024-07-15,16.889867,16.935912,16.659634,16.678053,14171600
2024-07-16,16.622793,16.908283,16.581351,16.806980,15408300
2024-07-17,16.825402,17.285867,16.825402,16.981960,17834900
2024-07-18,16.991169,17.267447,16.862237,16.871447,14131000
2024-07-19,17.000375,17.028003,16.719492,16.806980,15412400
2024-07-22,16.770142,16.825399,16.576747,16.788561,15788700
2024-07-23,16.659632,16.788562,16.493864,16.512283,12491000
2024-07-24,16.503072,16.806979,16.438608,16.733305,9390800
2024-07-25,16.880654,17.230607,16.797771,16.806980,11082200
2024-07-26,16.917495,17.299680,16.862238,17.212193,11484600
2024-07-29,17.175354,17.405587,17.055634,17.313494,12564800
2024-07-30,17.055631,17.322700,16.857631,17.267445,12381300
2024-07-31,17.193771,17.276655,16.908284,17.028004,42056200
2024-08-01,17.193771,17.221399,16.935910,17.156933,12817600
2024-08-02,17.175353,17.350330,16.963539,17.331911,17688600
2024-08-05,17.230605,17.377955,16.673442,16.751722,21724900
2024-08-06,18.556748,19.265865,18.336645,19.210609,44403600
2024-08-07,19.054053,19.385586,18.833030,18.989588,24344700
2024-08-08,18.943538,19.675678,18.796189,19.569771,21849700
2024-08-09,19.523724,19.555956,19.261259,19.357956,20636700
2024-08-12,19.413215,19.482285,19.192192,19.422424,17481100
2024-08-13,19.468472,19.790798,19.450054,19.652658,16625400
2024-08-14,19.675904,19.964161,19.638711,19.694502,16462400
2024-08-15,19.703799,20.103640,19.694500,20.057146,10727900
2024-08-16,19.936263,20.187325,19.861874,20.150131,11269800
2024-08-19,20.205922,20.382597,20.112936,20.122234,10019600
2024-08-20,20.122239,20.187329,19.894424,20.038551,11291400
2024-08-21,20.131533,20.317506,20.057144,20.168728,8446800
2024-08-22,20.168729,20.238468,19.740991,20.047846,12239500
2024-08-23,20.094341,20.368651,20.085043,20.289612,6785500
2024-08-26,20.326807,20.508130,20.275665,20.419792,9431500
2024-08-27,20.456988,20.540676,20.215223,20.382599,10096300
2024-08-28,20.410497,20.417006,20.075745,20.196627,7896100
2024-08-29,20.280313,20.391897,20.019952,20.224522,12053500
2024-08-30,20.298913,20.415146,20.196628,20.410498,14008500
2024-09-03,20.224520,20.680153,20.131533,20.549973,13879900
2024-09-04,20.494184,21.042802,20.456989,20.931219,22620800
2024-09-05,20.977712,21.089296,20.810336,20.931219,15490300
2024-09-06,20.931218,21.386850,20.921919,21.256670,18883300
2024-09-09,21.265968,21.600717,21.042799,21.572823,21843100
2024-09-10,21.535627,21.820165,21.284564,21.433342,15021200
2024-09-11,21.526328,21.600717,21.084643,21.470537,12941500
2024-09-12,21.479835,21.563522,21.172980,21.461237,9269900
2024-09-13,21.535630,21.768096,21.424048,21.749498,11090800
2024-09-16,21.851782,21.898275,21.544928,21.740198,9220800
2024-09-17,21.823887,21.870382,21.526331,21.749498,13263700
2024-09-18,21.795992,21.870381,21.456592,21.563526,15225500
2024-09-19,21.703002,21.805287,21.279914,21.293861,13622500
2024-09-20,21.228773,21.414746,21.117188,21.405447,75871900
2024-09-23,21.228773,21.526328,21.163682,21.405447,20080800
2024-09-24,21.414747,21.568173,21.196228,21.489136,14365300
2024-09-25,21.582121,21.696495,21.331059,21.386850,12625600
2024-09-26,21.526330,21.656512,21.414748,21.507732,12504500
2024-09-27,21.517026,21.791336,21.414743,21.628611,12450000
2024-09-30,21.721602,21.842484,21.456591,21.507732,17088300
2024-10-01,21.544928,21.554226,21.089295,21.182281,13640500
2024-10-02,21.107895,21.135789,20.828935,21.042803,16504900
2024-10-03,20.903322,20.968412,20.689454,20.708052,10312400
2024-10-04,20.735945,20.783368,20.568571,20.605764,8451600
2024-10-07,20.652258,20.675506,20.345404,20.447689,9859300
2024-10-08,20.522076,20.526726,20.233819,20.317507,11377100
2024-10-09,20.289612,20.350054,19.992056,20.019953,10437800
2024-10-10,20.029251,20.085043,19.759590,19.824680,11911600
2024-10-11,19.889772,20.001357,19.815383,19.954863,14513000
2024-10-14,19.861874,20.164079,19.796784,20.085041,18677100
2024-10-15,20.075741,20.443038,20.029249,20.233818,11925300
2024-10-16,20.140833,20.317507,20.103639,20.205923,13919600
2024-10-17,20.308208,20.308208,19.871173,19.945562,12260700
2024-10-18,20.001356,20.215224,19.885123,20.196627,13309700
2024-10-21,21.340358,21.749497,21.200878,21.312462,38291800
2024-10-22,20.968411,21.433343,20.949815,21.321760,18080900
2024-10-23,21.219476,21.345008,20.931219,21.163685,10664000
2024-10-24,21.293865,21.470540,21.177632,21.358955,11664200
2024-10-25,21.349655,21.405448,21.042800,21.052099,8395700
2024-10-28,21.247370,21.284564,20.991658,21.275265,10540300
2024-10-29,21.126488,21.302234,21.042801,21.182281,13109200
2024-10-30,21.061398,21.377552,20.977710,21.284565,15919800
2024-10-31,21.089294,21.540279,21.025134,21.321760,34406400
2024-11-01,21.256667,21.475184,21.126485,21.135784,15528900
2024-11-04,21.210176,21.596070,21.145086,21.424046,17341800
2024-11-05,21.331058,21.916871,21.312461,21.600718,17781300
2024-11-06,21.898270,21.898270,20.740592,20.921915,16727100
2024-11-07,20.615066,21.744849,20.494184,21.358955,28744400
2024-11-08,21.265971,22.056353,21.238074,22.019159,16635100
2024-11-11,22.093545,22.205127,21.842481,22.112143,13838400
2024-11-12,22.093548,22.270222,21.974525,21.991262,10714200
2024-11-13,21.995951,22.136650,21.611374,21.705172,16481200
2024-11-14,21.780212,22.277349,21.695792,22.146030,14017300
2024-11-15,22.061611,22.633786,21.986571,22.343008,16166900
2024-11-18,22.328939,22.516536,22.202309,22.249208,14591600
2024-11-19,22.127272,22.324249,21.798973,22.221071,9838300
2024-11-20,22.192930,22.305490,22.101007,22.305490,7418800
2024-11-21,22.314868,22.736964,22.221069,22.596266,8331200
2024-11-22,22.746346,22.802625,22.512785,22.586887,10505900
2024-11-25,22.741658,22.887046,22.497779,22.736967,26971900
2024-11-26,22.769797,22.943325,22.455570,22.624409,12315700
2024-11-27,22.708823,22.891733,22.558744,22.633783,11666900
2024-11-29,22.511848,22.736966,22.399288,22.586887,7516500
2024-12-02,22.615027,22.765106,22.394598,22.755726,10173800
2024-12-03,22.633783,22.727583,21.977189,22.024088,13665700
2024-12-04,21.995953,22.066302,20.800010,21.723934,27219800
2024-12-05,21.939670,22.005329,21.573853,21.695791,13914400
2024-12-06,21.798972,21.902152,21.405014,21.423775,9708800
2024-12-09,21.573853,21.817732,21.329974,21.395634,15267200
2024-12-10,21.358117,21.550406,21.001679,21.329977,10492300
2024-12-11,21.339358,21.362807,20.814082,20.842220,9433200
2024-12-12,20.617098,21.231485,20.414492,20.936016,14949900
2024-12-13,20.898499,20.926638,20.579581,20.832838,9184000
2024-12-16,20.945398,21.081407,20.682759,20.701519,7786300
2024-12-17,20.729661,20.800009,20.504543,20.673382,10278500
2024-12-18,20.635861,20.795320,20.138724,20.176245,15271800
2024-12-19,20.185623,20.410741,20.091823,20.270042,13048400
2024-12-20,20.185624,20.607720,20.138723,20.420122,22915000
2024-12-23,20.363840,20.472648,20.195003,20.251282,13256800
2024-12-24,20.148101,20.298180,20.044923,20.223141,9164900
2024-12-26,20.166862,20.420121,20.110583,20.373220,5970300
2024-12-27,20.251281,20.452949,20.195002,20.195002,9833600
2024-12-30,20.101205,20.129344,19.866707,19.866707,7123700
2024-12-31,19.932365,20.101204,19.904225,20.026165,6934200
2025-01-02,20.185623,20.241902,19.838564,19.960505,8253900
2025-01-03,19.998024,20.026164,19.786975,19.885466,6079200
2025-01-06,20.260663,20.260663,19.754146,19.801046,10740100
2025-01-07,19.838566,19.998025,19.641588,19.744766,8828800
2025-01-08,19.688488,19.801048,19.444609,19.791668,7579300
2025-01-10,19.604068,19.665975,19.397710,19.557169,11057100
2025-01-13,19.538407,19.782285,19.416469,19.669725,12682000
2025-01-14,19.679109,19.815118,19.632210,19.726009,7275900
2025-01-15,19.876087,19.939869,19.472749,19.557169,10050000
2025-01-16,19.453987,19.899535,19.435227,19.876085,8810500
2025-01-17,19.885468,20.021475,19.726009,19.791668,11267000
2025-01-21,19.885464,19.904223,19.332048,19.510265,19203400
2025-01-22,19.510268,19.557169,19.322671,19.463369,19218300
2025-01-23,19.435229,19.529029,19.214802,19.463369,12575000
2025-01-24,19.500891,19.566550,19.430540,19.491510,12092500
2025-01-27,19.810425,20.204382,19.768215,20.110582,15342800
2025-01-28,20.073062,20.307561,19.998023,20.035543,13831600
2025-01-29,20.110584,20.176243,19.894844,19.988644,12249200
2025-01-30,20.166862,20.420121,20.054302,20.373220,11733100
2025-01-31,20.082443,20.288801,19.955814,19.969885,16433400
2025-02-03,19.866706,19.955815,19.744766,19.913605,9693600
2025-02-04,19.613447,19.810427,19.453988,19.519648,11813700
2025-02-05,19.697868,19.744767,19.313290,19.453989,19231100
2025-02-06,19.261699,19.791666,18.525374,18.572273,25808800
2025-02-07,18.666072,18.975610,18.609793,18.928711,17734300
2025-02-10,19.013130,19.453986,18.947471,19.303907,14043000
2025-02-11,19.313291,19.660348,19.257012,19.613449,10921800
2025-02-12,19.447674,19.916577,19.420202,19.855003,10317000
2025-02-13,19.798168,20.447055,19.779222,20.319174,14062000
2025-02-14,20.338117,20.972795,20.229180,20.773867,27015700
2025-02-18,20.641248,21.029632,20.579674,20.840176,14108300
2025-02-19,20.963321,21.138569,20.641247,21.095942,14198000
2025-02-20,21.095943,21.389600,20.731240,21.209616,19044800
2025-02-21,21.181199,22.204262,21.162253,22.090588,25663000
2025-02-24,22.071640,22.294252,21.740093,22.071640,18229000
2025-02-25,22.071640,22.450553,22.000595,22.137951,22641600
2025-02-26,22.166368,22.204260,21.687992,21.995857,14615800
2025-02-27,21.844294,22.019542,21.626420,21.920076,15159100
2025-02-28,22.024279,22.384245,21.924815,22.355827,30981700
2025-03-03,22.261096,22.630535,22.232677,22.535809,12834400
2025-03-04,22.658955,23.075759,22.175841,22.185314,15368100
2025-03-05,22.194789,22.242152,21.621684,21.825350,17384400
2025-03-06,21.872710,22.014802,21.730619,21.957966,9739200
2025-03-07,21.815875,22.365298,21.806402,22.185314,14446300
2025-03-10,22.289518,23.071023,22.204262,22.658957,18035100
2025-03-11,22.782100,22.876828,22.147422,22.251623,16475100
2025-03-12,21.863240,22.071642,21.574319,21.853767,13897400
2025-03-13,21.882183,22.119004,21.730619,21.957966,16433800
2025-03-14,21.995858,22.024277,21.517482,21.607473,15798900
2025-03-17,21.759040,22.407929,21.586636,22.175844,16372400
2025-03-18,22.166370,22.431609,22.062170,22.109533,16840600
2025-03-19,21.967441,22.289516,21.929549,22.289516,9646900
2025-03-20,22.204262,22.422136,22.000596,22.156897,16508300
2025-03-21,22.071639,22.147421,21.749563,22.081112,35334700
2025-03-24,21.929548,22.346352,21.872712,22.137951,13187600
2025-03-25,22.232680,22.251626,21.759039,21.882187,14987800
2025-03-26,21.882185,22.185315,21.598000,22.166368,9473400
2025-03-27,22.223205,22.449605,22.175842,22.261097,13790600
2025-03-28,22.355827,22.516865,22.195736,22.450556,14401300
2025-03-31,22.583173,22.767892,22.374772,22.715792,16360100
2025-04-01,22.753684,22.772630,22.507391,22.621063,11113800
2025-04-02,22.592647,22.805786,22.365300,22.611593,14093800
2025-04-03,22.734737,22.952611,22.095323,22.374771,21704000
2025-04-04,22.422135,22.526336,21.095942,21.152779,17771400
2025-04-07,20.849648,21.280661,20.243389,20.622301,26882400
2025-04-08,20.934905,21.048578,20.162871,20.357063,13443000
2025-04-09,20.091822,20.991739,19.855001,20.631773,22036500
2025-04-10,20.555992,20.944377,20.281280,20.717030,16963500
2025-04-11,20.821229,21.062786,20.489680,20.925430,13221700
2025-04-14,21.190671,21.682309,21.020160,21.512745,16487900
2025-04-15,21.512743,21.901130,21.370651,21.702200,22262800
2025-04-16,21.844293,21.986385,21.427491,21.531691,28527600
2025-04-17,21.522218,22.289517,21.522218,22.156897,22595700
2025-04-21,22.100059,22.147422,20.859121,21.095942,20885900
2025-04-22,21.370652,22.000594,21.256979,21.967440,25918800
2025-04-23,21.754303,21.967442,21.541164,21.730621,13015000
2025-04-24,21.711674,21.730620,21.351708,21.550636,15417600
2025-04-25,21.673783,22.223206,21.204880,21.796930,22249600
2025-04-28,21.768513,22.005333,21.692731,21.891661,12011900
2025-04-29,21.768513,22.204263,21.408547,22.147425,13526300
2025-04-30,22.261099,22.469500,21.962705,22.355827,15990400
2025-05-01,22.119006,22.772630,21.939022,22.696846,15132800
2025-05-02,22.791574,22.924195,22.422135,22.715792,14097700
2025-05-05,22.677902,22.715792,22.180580,22.393717,23279500
2025-05-06,22.242152,22.445818,22.137953,22.327408,15082400
2025-05-07,22.270573,22.379510,21.792195,21.891661,36329100
2025-05-08,23.208379,23.843057,22.706319,22.791574,33046700
2025-05-09,22.782100,23.208377,22.744210,23.151541,24395100
2025-05-12,22.981031,23.312579,22.640009,22.734737,15042200
2025-05-13,22.640012,22.734740,22.261100,22.412664,17777300
2025-05-14,22.360106,22.521596,22.063883,22.168995,13383200
2025-05-15,22.388772,22.928664,22.283660,22.818773,18331200
2025-05-16,22.952554,23.153221,22.837886,23.105444,20725200
2025-05-19,23.143666,23.191445,22.818775,22.933443,22180000
2025-05-20,22.933441,23.114998,22.856996,23.057663,16356900
2025-05-21,23.009888,23.272666,22.866554,22.933443,15095600
2025-05-22,22.933444,22.962111,22.426996,22.455664,13277400
2025-05-23,22.589439,22.711751,22.364884,22.675440,10164000
2025-05-27,22.799665,22.933443,22.584664,22.866554,11682500
2025-05-28,22.856999,22.876111,22.360107,22.503441,10980800
2025-05-29,22.465219,22.670665,22.426996,22.532108,19711500
2025-05-30,22.627664,22.837887,22.417440,22.809221,30017400
2025-06-02,22.598997,22.723221,22.312330,22.618109,9774700
2025-06-03,22.579886,22.579886,20.845545,21.222990,41957100
2025-06-04,21.289882,21.433215,20.687878,20.716545,25027800
2025-06-05,20.716545,20.931547,20.391655,20.687878,16854800
2025-06-06,20.726099,20.936321,20.687876,20.764320,9670500
2025-06-09,20.630543,20.706988,20.334320,20.353430,20375200
2025-06-10,20.439432,20.630545,20.358210,20.563656,14937400
2025-06-11,20.558877,20.883767,20.506320,20.878990,22313400
2025-06-12,20.783434,21.156101,20.706989,21.060547,28059400
2025-06-13,20.984099,21.084434,20.382097,20.496765,37242900
2025-06-16,20.687878,21.050992,20.487211,20.687878,16345200
2025-06-17,20.640099,20.850321,20.468098,20.487209,17940900
2025-06-18,20.458542,20.582766,20.181430,20.410765,14259300
2025-06-20,20.439428,20.735653,20.391651,20.439428,24956500
2025-06-23,20.448988,20.511100,20.095432,20.420322,14174300
2025-06-24,20.343876,20.534987,20.181431,20.248320,16640400
2025-06-25,20.186208,20.439431,20.066763,20.229208,16355800
2025-06-26,20.190983,20.233983,19.999872,20.171873,16341600
2025-06-27,20.219651,20.276984,19.885204,19.952093,24150300
2025-06-30,19.932983,20.076317,19.813538,19.999872,21679400
2025-07-01,20.009428,20.391652,19.975983,20.038094,17882900
2025-07-02,20.047651,20.095431,19.770540,19.971207,18186700
2025-07-03,20.057207,20.186208,19.923429,20.114540,6093100
2025-07-07,20.076319,20.205320,19.885206,19.971207,11616800
2025-07-08,19.827871,19.923428,19.569870,19.780094,16971400
2025-07-09,19.875649,19.942539,19.598537,19.837427,15930200
2025-07-10,19.866098,20.162321,19.827875,19.990320,12723700
2025-07-11,19.894761,20.520654,19.727539,20.391653,25967600
2025-07-14,21.576551,21.586106,20.033321,20.850325,58614500
2025-07-15,20.616208,20.859875,20.229206,20.439428,31071000
2025-07-16,20.362987,20.945879,20.343877,20.878990,21829100
2025-07-17,20.859879,21.041435,20.660167,20.878990,13172800
2025-07-18,20.974544,21.242100,20.934411,21.022322,12727200
2025-07-21,20.993658,21.308993,20.834079,21.146547,10716600
2025-07-22,21.041436,21.695994,21.022325,21.662550,13673000
2025-07-23,21.700768,21.770525,21.356767,21.538324,18382400
2025-07-24,21.566992,21.643437,21.418881,21.500103,6740100
2025-07-25,21.461881,21.853663,21.318547,21.824995,9690400
2025-07-28,21.624325,21.729437,21.356770,21.366325,9230800
2025-07-29,21.385435,21.442770,20.573211,21.184769,28088900
2025-07-30,21.194325,21.356771,20.706989,20.716545,15348500
2025-07-31,20.525431,20.883766,20.377320,20.487209,29026400
2025-08-01,20.745209,20.783432,20.453765,20.630543,13846400
2025-08-04,20.487208,21.294656,20.468097,21.194323,32707600
2025-08-05,21.156100,21.232545,20.678320,20.678320,18068900
2025-08-06,20.716544,20.812100,20.458542,20.487209,32966700
2025-08-07,20.429874,20.984099,20.181430,20.792988,30407500
2025-08-08,20.659211,20.859877,20.028539,20.391653,25925000
2025-08-11,20.429875,20.487210,20.038095,20.276985,18729400
2025-08-12,20.305652,20.955433,20.057206,20.926765,16072100
2025-08-13,20.992369,21.180490,20.625773,20.944132,12908800
2025-08-14,20.799422,20.833187,20.090352,20.317060,17355400
2025-08-15,20.452124,20.538949,20.254356,20.452124,16054000
2025-08-18,20.432830,20.538950,20.230237,20.355652,13241000
2025-08-19,20.452125,20.780131,20.346005,20.731894,13902100
2025-08-20,20.809070,21.074368,20.645067,20.866953,10076900
2025-08-21,20.674009,20.828365,20.596831,20.683657,8979400
2025-08-22,20.751187,21.011663,20.717422,20.847660,8620200
2025-08-25,20.780130,20.866953,20.413534,20.442476,8122900
2025-08-26,20.510006,20.645067,20.017997,20.056587,18006000
2025-08-27,20.046940,20.210943,19.979408,20.017998,16465100
2025-08-28,20.037293,20.071058,19.709287,19.815407,13467600
2025-08-29,19.825051,20.027644,19.776815,19.979406,10307400
2025-09-02,19.931174,20.085530,19.863644,20.046942,11719600
2025-09-03,19.960114,20.051762,19.689991,19.728580,19118200
2025-09-04,19.805759,19.839525,19.545284,19.815407,16966400
2025-09-05,19.786464,19.960114,16.540172,17.963139,135445400
2025-09-08,18.088553,18.262204,17.557957,17.779842,56135000
2025-09-09,17.847371,18.300790,17.480777,18.204319,39520400
2025-09-10,18.213964,18.281496,17.413244,17.818428,25229000
2025-09-11,17.779841,18.368322,17.760546,18.185024,22265500
2025-09-12,18.156081,18.734915,18.107845,18.320084,26731000
2025-09-15,18.320084,18.339379,17.447010,17.606190,24893300
2025-09-16,17.702663,17.924549,17.365010,17.490423,19689000
2025-09-17,17.490423,17.958314,17.384305,17.693016,17820400
2025-09-18,17.538661,17.876314,17.413246,17.461483,27556700
2025-09-19,17.567601,17.934197,17.408423,17.693016,49475600
2025-09-22,17.085238,17.326419,16.289343,16.371344,76034200
2025-09-23,17.268536,17.548306,16.612524,16.631819,68556700
2025-09-24,16.892296,16.892296,15.948796,16.265226,52306400
2025-09-25,16.361696,16.429229,15.570624,15.599566,61109000
2025-09-26,15.840748,15.975808,15.503094,15.840748,51681100
2025-09-29,15.917925,16.014398,15.560977,15.763570,39463500
2025-09-30,15.782865,15.937220,15.589919,15.657450,37973600
2025-10-01,15.647803,15.821453,15.261914,15.290856,50561200
2025-10-02,15.358387,15.373822,14.924262,15.175089,30873300
2025-10-03,15.213679,15.396976,15.049676,15.252268,22120200
2025-10-06,15.271562,15.358387,15.097911,15.136500,25054700
2025-10-07,15.175089,15.724981,15.088265,15.647803,31078400
2025-10-08,15.532037,15.715335,15.459682,15.512742,18797500
2025-10-09,15.599565,16.255577,15.493445,16.245930,39063200
2025-10-10,16.255579,16.352051,15.985456,16.062634,21210900
2025-10-13,15.975809,16.057812,15.570626,15.647803,23283000
2025-10-14,15.628510,15.826278,15.425917,15.580273,17858800
2025-10-15,15.628509,16.139811,15.609214,15.686392,16035800
2025-10-16,15.705687,15.850395,13.554355,13.612238,87211200
2025-10-17,13.718359,15.025558,13.718359,14.750612,51896500
2025-10-20,14.634844,14.721669,14.356038,14.432252,29629300
2025-10-21,14.567315,14.712023,14.282721,14.403312,25586000
2025-10-22,14.412958,14.991792,14.345428,14.654139,23711600
2025-10-23,14.625197,14.712022,14.466018,14.557667,20422400
2025-10-24,14.702375,14.789200,14.451547,14.470841,20455000
2025-10-27,14.567314,14.692727,14.359899,14.548019,18913800
2025-10-28,14.374368,14.398487,13.920949,13.998127,29928100
2025-10-29,13.834124,14.548018,13.592943,13.805182,64351200
2025-10-30,13.853418,13.863066,13.525413,13.737652,34414100
2025-10-31,13.737653,13.901656,13.564003,13.863067,46602300
2025-11-03,16.462995,16.573938,15.565803,15.570625,203526000
2025-11-04,15.560977,15.850395,15.319798,15.406623,82978500
2025-11-05,15.445211,15.869690,15.387328,15.657450,59492800
2025-11-06,15.647803,16.149459,15.628510,15.879336,63905400
2025-11-07,15.927573,16.438877,15.908278,16.284519,47283800
2025-11-10,16.149460,16.294168,15.888984,16.178402,43689200
2025-11-11,16.188050,16.438878,16.110872,16.130165,28741500
2025-11-12,16.274743,16.645956,16.225900,16.284512,34933500
2025-11-13,16.401736,16.665491,16.362660,16.382198,30762100
2025-11-14,16.431042,16.587342,16.255204,16.274742,34737900
2025-11-17,16.304050,16.841331,15.571392,15.864455,54955600
2025-11-18,16.059830,16.221013,15.727692,15.854685,44935300
2025-11-19,15.864455,15.903531,15.630005,15.688617,30635600
2025-11-20,15.747230,16.065690,15.698385,15.776535,27266900
2025-11-21,15.874224,16.362662,15.825381,16.255205,46900000
2025-11-24,16.235669,16.518962,16.098905,16.372431,69858400
2025-11-25,16.411504,16.665492,16.372430,16.636187,46709500
2025-11-26,16.587341,17.066010,16.567803,16.821791,46265500
2025-11-28,16.802257,17.007400,16.763181,16.948788,9197800
2025-12-01,16.895057,17.144159,16.812022,16.821791,26675100
2025-12-02,16.724107,16.751460,16.440813,16.470119,30996900
2025-12-03,16.558038,16.655724,16.362662,16.577574,41596100
2025-12-04,16.558037,16.792487,16.528730,16.597111,38194800
2025-12-05,16.538500,16.689914,16.435928,16.538500,21148100
2025-12-08,16.479888,16.518962,16.313819,16.372431,25717700
2025-12-09,16.391969,16.685031,16.372431,16.626419,37343400
2025-12-10,16.606880,16.948786,16.587342,16.919479,34842800
2025-12-11,16.919479,17.181282,16.841329,16.919479,57405300
2025-12-12,16.997630,17.085549,16.899942,16.929249,46965300
2025-12-15,16.948787,16.978092,16.782718,16.812023,46841600
2025-12-16,16.978092,17.036706,16.743642,16.851099,24567300
2025-12-17,16.870636,17.075779,16.846215,16.880405,38076600
2025-12-18,16.880407,16.997631,16.675262,16.704569,53627200
2025-12-19,16.763181,16.763181,16.567805,16.626419,49715800
2025-12-22,16.587341,16.670376,16.533612,16.616648,33898800
2025-12-23,16.616650,16.724107,16.538500,16.626419,27073500
2025-12-24,16.606880,16.837423,16.601997,16.812023,14126800
2025-12-26,16.772950,16.909712,16.748529,16.792488,15562000
2025-12-29,16.812024,16.899943,16.763181,16.792488,22675900
2025-12-30,16.802256,16.958556,16.772949,16.929249,14425300
2025-12-31,16.919480,16.968325,16.851099,16.851099,12844300
2026-01-02,16.870636,17.017167,16.782717,16.919479,33294700
2026-01-05,16.821791,16.846215,16.391968,16.431042,47367200
2026-01-06,16.372430,16.509192,16.333354,16.362661,32121000
2026-01-07,16.313818,16.426158,16.172171,16.352892,40803000
2026-01-08,16.279627,16.650839,16.245435,16.597111,32662100
2026-01-09,16.655723,16.655723,16.362661,16.440811,57493100
2026-01-12,16.450580,16.802256,16.450580,16.606880,44658100
2026-01-13,16.636186,16.792486,16.509191,16.616648,43774200
2026-01-14,16.636187,16.782718,16.626418,16.724106,47245500
2026-01-15,16.665493,17.004469,16.650840,16.860868,43584800
2026-01-16,16.802256,16.890175,16.665492,16.802256,57433300
2026-01-20,16.704568,17.183237,16.597112,17.183237,75981800
2026-01-21,17.173468,17.188121,16.870637,16.978092,40624600
2026-01-22,16.919480,17.398149,16.909711,17.339537,67117300
2026-01-23,17.349306,17.417687,17.241849,17.388380,43896000
2026-01-26,17.378613,17.475323,17.012285,17.232080,60882400
2026-01-27,17.290694,17.456763,17.026937,17.095318,79353400
2026-01-28,17.095316,17.202773,16.763179,16.939016,56730800
2026-01-29,16.978092,17.036705,16.777832,16.802256,42655000
2026-01-30,16.792488,17.046476,16.738760,16.997631,35778600
2026-02-02,17.022052,17.080666,16.841330,16.978092,24977100
2026-02-03,16.851099,17.290694,16.851099,17.183237,45811900
2026-02-04,17.193006,17.681444,17.183237,17.593525,94249300
2026-02-05,17.691214,17.798669,17.407919,17.652138,108838700
2026-02-06,17.603294,17.756663,17.598408,17.710749,63459000
2026-02-09,17.681444,17.788899,17.566173,17.759594,91503300
2026-02-10,17.788898,18.121036,17.744940,17.896355,99757300
2026-02-11,17.884500,18.319262,17.746165,18.319262,45922000
2026-02-12,18.250092,18.744139,18.220451,18.329140,64736200
2026-02-13,18.418069,18.571224,18.309380,18.477356,45438800
2026-02-17,18.526759,18.615688,18.182903,18.190807,48334700
2026-02-18,18.319260,18.739199,18.171045,18.655210,49139100
2026-02-19,18.704618,18.719438,18.319262,18.437832,37932900
2026-02-20,18.477356,18.635451,18.398308,18.497116,45306500
2026-02-23,18.418068,18.783664,18.388427,18.724379,20873400
2026-02-24,18.724380,18.852831,18.645332,18.783665,23431600
2026-02-25,18.744140,18.815283,18.398308,18.546522,45350400
2026-02-26,18.684854,18.793545,18.595926,18.773783,35205100
2026-02-27,18.813308,18.951640,18.704617,18.892355,24293100
2026-03-02,18.828129,18.882474,18.615689,18.665092,34825100
2026-03-03,18.492176,18.556403,17.884499,17.933903,33694700
2026-03-04,17.983308,18.087057,17.775807,17.973427,40715600
2026-03-05,17.785689,18.072238,17.716523,18.032713,43632600
2026-03-06,17.874618,18.225391,17.741225,18.171045,19035200
2026-03-09,17.973428,18.025797,17.795571,17.943785,29336900
2026-03-10,17.904261,17.924022,17.657238,17.746164,30105500
2026-03-11,17.736285,17.746164,17.395391,17.439856,19055900
2026-03-12,17.439856,17.574236,17.153309,17.182951,26380900
2026-03-13,17.350927,17.443808,17.271880,17.281761,19221700
2026-03-16,17.400334,17.538666,17.331168,17.499142,14091200
2026-03-17,17.538665,17.746164,17.518903,17.558428,13401000
2026-03-18,17.341046,17.405273,17.173070,17.301523,17807700
2026-03-19,17.331168,17.365751,17.123667,17.222477,24019600
2026-03-20,17.281762,17.439856,17.153310,17.192833,29750500
2026-03-23,17.350927,17.578190,17.261998,17.390451,24035100
2026-03-24,17.341047,17.543606,17.212596,17.341047,15419400
2026-03-25,17.410215,17.469500,17.212595,17.449738,22748200
2026-03-26,17.410215,17.647357,17.301524,17.360809,15052000
2026-03-27,17.345988,17.489262,17.281762,17.311405,11837100
2026-03-30,17.390453,17.410215,16.935929,17.034739,22568200
2026-03-31,17.094024,17.123667,16.718549,17.034739,26923500
2026-04-01,17.024857,17.266941,16.965572,17.173071,21272200
2026-04-02,17.153310,17.232358,16.911226,16.935928,14787400
2026-04-06,16.916167,17.143429,16.881582,17.094023,17022800
2026-04-07,17.044619,17.064381,16.441881,16.530809,21260100
2026-04-08,16.604917,17.133547,16.560452,17.133547,20367200
2026-04-09,17.024857,17.350928,16.965572,17.222477,31031500
2026-04-10,17.261999,17.348953,17.094023,17.143429,12786600
2026-04-13,17.044619,17.089084,16.911227,17.054501,16081700
2026-04-14,16.975453,17.232358,16.926047,17.173071,17315000
2026-04-15,17.143429,17.178012,16.960632,17.094023,12183700
2026-04-16,17.005094,17.360808,17.005094,17.252117,18998600
2026-04-17,17.291642,17.583130,17.271880,17.400333,16495800
2026-04-20,17.350927,17.499141,17.316344,17.370689,13781400
2026-04-21,17.370690,17.390452,17.049558,17.094023,16934600
2026-04-22,17.163192,17.207656,17.005095,17.103905,13381600
2026-04-23,17.133547,17.321286,17.133547,17.281761,13791500
2026-04-24,17.370690,17.469500,17.207655,17.281761,6581400
2026-04-27,17.222475,17.449737,17.187892,17.321285,29970400
2026-04-28,17.538666,17.617713,17.197774,17.331167,17242300
2026-04-29,17.252118,17.380571,16.846999,17.024857,13250400
2026-04-30,17.024856,17.375629,17.014975,17.321285,17338600
2026-05-01,17.479382,17.499142,17.113786,17.222477,11320300
2026-05-04,17.074262,17.113784,16.866761,16.945808,17329300
2026-05-05,16.916167,17.222476,16.807476,17.163191,15346300
2026-05-06,17.212595,17.548547,17.212595,17.469500,23925600
2026-05-07,17.301523,17.676998,17.282748,17.509022,27034600
2026-05-08,17.627595,17.627595,17.341047,17.380571,20211600
2026-05-11,17.410215,17.410215,16.930002,16.965572,29004600
2026-05-12,17.133548,17.301524,16.926047,17.261999,23714800
2026-05-13,17.240000,17.365000,17.110001,17.190001,31133000
2026-05-14,17.270000,17.309999,17.100000,17.190001,23722900
2026-05-15,17.240000,17.360001,16.975000,17.110001,22138200
2026-05-18,17.150000,17.415001,17.100000,17.180000,20267500
2026-05-19,17.200001,17.389999,17.040001,17.150000,18907900
2026-05-20,17.150000,17.389999,17.065001,17.320000,16569300
2026-05-21,17.245001,17.549999,17.049999,17.459999,22001100
2026-05-22,17.469999,17.629999,17.465000,17.530001,13689600
2026-05-26,17.530001,17.625999,17.490000,17.490000,14081000
2026-05-27,17.610001,17.989000,17.570000,17.690001,25384300
2026-05-28,17.590000,17.760000,17.565001,17.639999,12171300
2026-05-29,17.620001,17.684999,17.240000,17.280001,33794100
2026-06-01,17.290001,17.485001,17.254999,17.350000,18663700
2026-06-02,17.340000,17.480000,17.150000,17.320000,18528200
2026-06-03,17.320000,17.340000,16.820000,16.830000,38337500
2026-06-04,17.030001,17.190001,16.665001,16.879999,26035900
